conceptType,conceptUri,code,preferredLabel,altLabels,inScheme,description
ISCOGroup,http://data.europa.eu/esco/isco/C0,0,,,"http://data.europa.eu/esco/concept-scheme/occupations,
http://data.europa.eu/esco/concept-scheme/isco",
ISCOGroup,http://data.europa.eu/esco/isco/C01,01,,,"http://data.europa.eu/esco/concept-scheme/isco,
http://data.europa.eu/esco/concept-scheme/occupations",
ISCOGroup,http://data.europa.eu/esco/isco/C011,011,,,"http://data.europa.eu/esco/concept-scheme/isco,
http://data.europa.eu/esco/concept-scheme/occupations",
ISCOGroup,http://data.europa.eu/esco/isco/C0110,0110,,,"http://data.europa.eu/esco/concept-scheme/occupations,
http://data.europa.eu/esco/concept-scheme/isco",
ISCOGroup,http://data.europa.eu/esco/isco/C02,02,,,"http://data.europa.eu/esco/concept-scheme/occupations,
http://data.europa.eu/esco/concept-scheme/isco",
ISCOGroup,http://data.europa.eu/esco/isco/C021,021,,,"http://data.europa.eu/esco/concept-scheme/isco,
http://data.europa.eu/esco/concept-scheme/occupations",
ISCOGroup,http://data.europa.eu/esco/isco/C0210,0210,,,"http://data.europa.eu/esco/concept-scheme/isco,
http://data.europa.eu/esco/concept-scheme/occupations",
ISCOGroup,http://data.europa.eu/esco/isco/C03,03,,,"http://data.europa.eu/esco/concept-scheme/isco,
http://data.europa.eu/esco/concept-scheme/occupations",
ISCOGroup,http://data.europa.eu/esco/isco/C031,031,,,"http://data.europa.eu/esco/concept-scheme/isco,
http://data.europa.eu/esco/concept-scheme/occupations",
ISCOGroup,http://data.europa.eu/esco/isco/C0310,0310,,,"http://data.europa.eu/esco/concept-scheme/isco,
http://data.europa.eu/esco/concept-scheme/occupations",
ISCOGroup,http://data.europa.eu/esco/isco/C1,1,,,"http://data.europa.eu/esco/concept-scheme/isco,
http://data.europa.eu/esco/concept-scheme/occupations",
ISCOGroup,http://data.europa.eu/esco/isco/C11,11,,,"http://data.europa.eu/esco/concept-scheme/isco,
http://data.europa.eu/esco/concept-scheme/occupations",
ISCOGroup,http://data.europa.eu/esco/isco/C111,111,,,"http://data.europa.eu/esco/concept-scheme/occupations,
http://data.europa.eu/esco/concept-scheme/isco",
ISCOGroup,http://data.europa.eu/esco/isco/C1111,1111,,,"http://data.europa.eu/esco/concept-scheme/isco,
http://data.europa.eu/esco/concept-scheme/occupations",
ISCOGroup,http://data.europa.eu/esco/isco/C1112,1112,,,"http://data.europa.eu/esco/concept-scheme/occupations,
http://data.europa.eu/esco/concept-scheme/isco",
ISCOGroup,http://data.europa.eu/esco/isco/C1113,1113,,,"http://data.europa.eu/esco/concept-scheme/isco,
http://data.europa.eu/esco/concept-scheme/occupations",
ISCOGroup,http://data.europa.eu/esco/isco/C1114,1114,,,"http://data.europa.eu/esco/concept-scheme/isco,
http://data.europa.eu/esco/concept-scheme/occupations",
ISCOGroup,http://data.europa.eu/esco/isco/C112,112,,,"http://data.europa.eu/esco/concept-scheme/occupations,
http://data.europa.eu/esco/concept-scheme/isco",
ISCOGroup,http://data.europa.eu/esco/isco/C1120,1120,,,"http://data.europa.eu/esco/concept-scheme/isco,
http://data.europa.eu/esco/concept-scheme/occupations",
ISCOGroup,http://data.europa.eu/esco/isco/C12,12,,,"http://data.europa.eu/esco/concept-scheme/occupations,
http://data.europa.eu/esco/concept-scheme/isco",
ISCOGroup,http://data.europa.eu/esco/isco/C121,121,,,"http://data.europa.eu/esco/concept-scheme/occupations,
http://data.europa.eu/esco/concept-scheme/isco",
ISCOGroup,http://data.europa.eu/esco/isco/C1211,1211,,,"http://data.europa.eu/esco/concept-scheme/isco,
http://data.europa.eu/esco/concept-scheme/occupations",
ISCOGroup,http://data.europa.eu/esco/isco/C1212,1212,,,"http://data.europa.eu/esco/concept-scheme/isco,
http://data.europa.eu/esco/concept-scheme/occupations",
ISCOGroup,http://data.europa.eu/esco/isco/C1213,1213,,,"http://data.europa.eu/esco/concept-scheme/occupations,
http://data.europa.eu/esco/concept-scheme/isco",
ISCOGroup,http://data.europa.eu/esco/isco/C1219,1219,,,"http://data.europa.eu/esco/concept-scheme/occupations,
http://data.europa.eu/esco/concept-scheme/isco",
ISCOGroup,http://data.europa.eu/esco/isco/C122,122,,,"http://data.europa.eu/esco/concept-scheme/occupations,
http://data.europa.eu/esco/concept-scheme/isco",
ISCOGroup,http://data.europa.eu/esco/isco/C1221,1221,,,"http://data.europa.eu/esco/concept-scheme/occupations,
http://data.europa.eu/esco/concept-scheme/isco",
ISCOGroup,http://data.europa.eu/esco/isco/C1222,1222,,,"http://data.europa.eu/esco/concept-scheme/occupations,
http://data.europa.eu/esco/concept-scheme/isco",
ISCOGroup,http://data.europa.eu/esco/isco/C1223,1223,,,"http://data.europa.eu/esco/concept-scheme/isco,
http://data.europa.eu/esco/concept-scheme/occupations",
ISCOGroup,http://data.europa.eu/esco/isco/C13,13,,,"http://data.europa.eu/esco/concept-scheme/isco,
http://data.europa.eu/esco/concept-scheme/occupations",
ISCOGroup,http://data.europa.eu/esco/isco/C131,131,,,"http://data.europa.eu/esco/concept-scheme/occupations,
http://data.europa.eu/esco/concept-scheme/isco",
ISCOGroup,http://data.europa.eu/esco/isco/C1311,1311,,,"http://data.europa.eu/esco/concept-scheme/occupations,
http://data.europa.eu/esco/concept-scheme/isco",
ISCOGroup,http://data.europa.eu/esco/isco/C1312,1312,,,"http://data.europa.eu/esco/concept-scheme/occupations,
http://data.europa.eu/esco/concept-scheme/isco",
ISCOGroup,http://data.europa.eu/esco/isco/C132,132,,,"http://data.europa.eu/esco/concept-scheme/isco,
http://data.europa.eu/esco/concept-scheme/occupations",
ISCOGroup,http://data.europa.eu/esco/isco/C1321,1321,,,"http://data.europa.eu/esco/concept-scheme/isco,
http://data.europa.eu/esco/concept-scheme/occupations",
ISCOGroup,http://data.europa.eu/esco/isco/C1322,1322,,,"http://data.europa.eu/esco/concept-scheme/isco,
http://data.europa.eu/esco/concept-scheme/occupations",
ISCOGroup,http://data.europa.eu/esco/isco/C1323,1323,,,"http://data.europa.eu/esco/concept-scheme/isco,
http://data.europa.eu/esco/concept-scheme/occupations",
ISCOGroup,http://data.europa.eu/esco/isco/C1324,1324,,,"http://data.europa.eu/esco/concept-scheme/occupations,
http://data.europa.eu/esco/concept-scheme/isco",
ISCOGroup,http://data.europa.eu/esco/isco/C133,133,,,"http://data.europa.eu/esco/concept-scheme/isco,
http://data.europa.eu/esco/concept-scheme/occupations",
ISCOGroup,http://data.europa.eu/esco/isco/C1330,1330,,,"http://data.europa.eu/esco/concept-scheme/occupations,
http://data.europa.eu/esco/concept-scheme/isco",
ISCOGroup,http://data.europa.eu/esco/isco/C134,134,,,"http://data.europa.eu/esco/concept-scheme/occupations,
http://data.europa.eu/esco/concept-scheme/isco",
ISCOGroup,http://data.europa.eu/esco/isco/C1341,1341,,,"http://data.europa.eu/esco/concept-scheme/isco,
http://data.europa.eu/esco/concept-scheme/occupations",
ISCOGroup,http://data.europa.eu/esco/isco/C1342,1342,,,"http://data.europa.eu/esco/concept-scheme/isco,
http://data.europa.eu/esco/concept-scheme/occupations",
ISCOGroup,http://data.europa.eu/esco/isco/C1343,1343,,,"http://data.europa.eu/esco/concept-scheme/isco,
http://data.europa.eu/esco/concept-scheme/occupations",
ISCOGroup,http://data.europa.eu/esco/isco/C1344,1344,,,"http://data.europa.eu/esco/concept-scheme/isco,
http://data.europa.eu/esco/concept-scheme/occupations",
ISCOGroup,http://data.europa.eu/esco/isco/C1345,1345,,,"http://data.europa.eu/esco/concept-scheme/isco,
http://data.europa.eu/esco/concept-scheme/occupations",
ISCOGroup,http://data.europa.eu/esco/isco/C1346,1346,,,"http://data.europa.eu/esco/concept-scheme/isco,
http://data.europa.eu/esco/concept-scheme/occupations",
ISCOGroup,http://data.europa.eu/esco/isco/C1349,1349,,,"http://data.europa.eu/esco/concept-scheme/isco,
http://data.europa.eu/esco/concept-scheme/occupations",
ISCOGroup,http://data.europa.eu/esco/isco/C14,14,,,"http://data.europa.eu/esco/concept-scheme/occupations,
http://data.europa.eu/esco/concept-scheme/isco",
ISCOGroup,http://data.europa.eu/esco/isco/C141,141,,,"http://data.europa.eu/esco/concept-scheme/isco,
http://data.europa.eu/esco/concept-scheme/occupations",
ISCOGroup,http://data.europa.eu/esco/isco/C1411,1411,,,"http://data.europa.eu/esco/concept-scheme/occupations,
http://data.europa.eu/esco/concept-scheme/isco",
ISCOGroup,http://data.europa.eu/esco/isco/C1412,1412,,,"http://data.europa.eu/esco/concept-scheme/isco,
http://data.europa.eu/esco/concept-scheme/occupations",
ISCOGroup,http://data.europa.eu/esco/isco/C142,142,,,"http://data.europa.eu/esco/concept-scheme/occupations,
http://data.europa.eu/esco/concept-scheme/isco",
ISCOGroup,http://data.europa.eu/esco/isco/C1420,1420,,,"http://data.europa.eu/esco/concept-scheme/isco,
http://data.europa.eu/esco/concept-scheme/occupations",
ISCOGroup,http://data.europa.eu/esco/isco/C143,143,,,"http://data.europa.eu/esco/concept-scheme/isco,
http://data.europa.eu/esco/concept-scheme/occupations",
ISCOGroup,http://data.europa.eu/esco/isco/C1431,1431,,,"http://data.europa.eu/esco/concept-scheme/occupations,
http://data.europa.eu/esco/concept-scheme/isco",
ISCOGroup,http://data.europa.eu/esco/isco/C1439,1439,,,"http://data.europa.eu/esco/concept-scheme/isco,
http://data.europa.eu/esco/concept-scheme/occupations",
ISCOGroup,http://data.europa.eu/esco/isco/C2,2,,,"http://data.europa.eu/esco/concept-scheme/occupations,
http://data.europa.eu/esco/concept-scheme/isco",
ISCOGroup,http://data.europa.eu/esco/isco/C21,21,,,"http://data.europa.eu/esco/concept-scheme/isco,
http://data.europa.eu/esco/concept-scheme/occupations",
ISCOGroup,http://data.europa.eu/esco/isco/C211,211,,,"http://data.europa.eu/esco/concept-scheme/occupations,
http://data.europa.eu/esco/concept-scheme/isco",
ISCOGroup,http://data.europa.eu/esco/isco/C2111,2111,,,"http://data.europa.eu/esco/concept-scheme/occupations,
http://data.europa.eu/esco/concept-scheme/isco",
ISCOGroup,http://data.europa.eu/esco/isco/C2112,2112,,,"http://data.europa.eu/esco/concept-scheme/isco,
http://data.europa.eu/esco/concept-scheme/occupations",
ISCOGroup,http://data.europa.eu/esco/isco/C2113,2113,,,"http://data.europa.eu/esco/concept-scheme/isco,
http://data.europa.eu/esco/concept-scheme/occupations",
ISCOGroup,http://data.europa.eu/esco/isco/C2114,2114,,,"http://data.europa.eu/esco/concept-scheme/occupations,
http://data.europa.eu/esco/concept-scheme/isco",
ISCOGroup,http://data.europa.eu/esco/isco/C212,212,,,"http://data.europa.eu/esco/concept-scheme/occupations,
http://data.europa.eu/esco/concept-scheme/isco",
ISCOGroup,http://data.europa.eu/esco/isco/C2120,2120,,,"http://data.europa.eu/esco/concept-scheme/isco,
http://data.europa.eu/esco/concept-scheme/occupations",
ISCOGroup,http://data.europa.eu/esco/isco/C213,213,,,"http://data.europa.eu/esco/concept-scheme/occupations,
http://data.europa.eu/esco/concept-scheme/isco",
ISCOGroup,http://data.europa.eu/esco/isco/C2131,2131,,,"http://data.europa.eu/esco/concept-scheme/occupations,
http://data.europa.eu/esco/concept-scheme/isco",
ISCOGroup,http://data.europa.eu/esco/isco/C2132,2132,,,"http://data.europa.eu/esco/concept-scheme/isco,
http://data.europa.eu/esco/concept-scheme/occupations",
ISCOGroup,http://data.europa.eu/esco/isco/C2133,2133,,,"http://data.europa.eu/esco/concept-scheme/isco,
http://data.europa.eu/esco/concept-scheme/occupations",
ISCOGroup,http://data.europa.eu/esco/isco/C214,214,,,"http://data.europa.eu/esco/concept-scheme/occupations,
http://data.europa.eu/esco/concept-scheme/isco",
ISCOGroup,http://data.europa.eu/esco/isco/C2141,2141,,,"http://data.europa.eu/esco/concept-scheme/isco,
http://data.europa.eu/esco/concept-scheme/occupations",
ISCOGroup,http://data.europa.eu/esco/isco/C2142,2142,,,"http://data.europa.eu/esco/concept-scheme/occupations,
http://data.europa.eu/esco/concept-scheme/isco",
ISCOGroup,http://data.europa.eu/esco/isco/C2143,2143,,,"http://data.europa.eu/esco/concept-scheme/isco,
http://data.europa.eu/esco/concept-scheme/occupations",
ISCOGroup,http://data.europa.eu/esco/isco/C2144,2144,,,"http://data.europa.eu/esco/concept-scheme/occupations,
http://data.europa.eu/esco/concept-scheme/isco",
ISCOGroup,http://data.europa.eu/esco/isco/C2145,2145,,,"http://data.europa.eu/esco/concept-scheme/isco,
http://data.europa.eu/esco/concept-scheme/occupations",
ISCOGroup,http://data.europa.eu/esco/isco/C2146,2146,,,"http://data.europa.eu/esco/concept-scheme/occupations,
http://data.europa.eu/esco/concept-scheme/isco",
ISCOGroup,http://data.europa.eu/esco/isco/C2149,2149,,,"http://data.europa.eu/esco/concept-scheme/isco,
http://data.europa.eu/esco/concept-scheme/occupations",
ISCOGroup,http://data.europa.eu/esco/isco/C215,215,,,"http://data.europa.eu/esco/concept-scheme/occupations,
http://data.europa.eu/esco/concept-scheme/isco",
ISCOGroup,http://data.europa.eu/esco/isco/C2151,2151,,,"http://data.europa.eu/esco/concept-scheme/occupations,
http://data.europa.eu/esco/concept-scheme/isco",
ISCOGroup,http://data.europa.eu/esco/isco/C2152,2152,,,"http://data.europa.eu/esco/concept-scheme/isco,
http://data.europa.eu/esco/concept-scheme/occupations",
ISCOGroup,http://data.europa.eu/esco/isco/C2153,2153,,,"http://data.europa.eu/esco/concept-scheme/isco,
http://data.europa.eu/esco/concept-scheme/occupations",
ISCOGroup,http://data.europa.eu/esco/isco/C216,216,,,"http://data.europa.eu/esco/concept-scheme/occupations,
http://data.europa.eu/esco/concept-scheme/isco",
ISCOGroup,http://data.europa.eu/esco/isco/C2161,2161,,,"http://data.europa.eu/esco/concept-scheme/occupations,
http://data.europa.eu/esco/concept-scheme/isco",
ISCOGroup,http://data.europa.eu/esco/isco/C2162,2162,,,"http://data.europa.eu/esco/concept-scheme/occupations,
http://data.europa.eu/esco/concept-scheme/isco",
ISCOGroup,http://data.europa.eu/esco/isco/C2163,2163,,,"http://data.europa.eu/esco/concept-scheme/occupations,
http://data.europa.eu/esco/concept-scheme/isco",
ISCOGroup,http://data.europa.eu/esco/isco/C2164,2164,,,"http://data.europa.eu/esco/concept-scheme/isco,
http://data.europa.eu/esco/concept-scheme/occupations",
ISCOGroup,http://data.europa.eu/esco/isco/C2165,2165,,,"http://data.europa.eu/esco/concept-scheme/occupations,
http://data.europa.eu/esco/concept-scheme/isco",
ISCOGroup,http://data.europa.eu/esco/isco/C2166,2166,,,"http://data.europa.eu/esco/concept-scheme/occupations,
http://data.europa.eu/esco/concept-scheme/isco",
ISCOGroup,http://data.europa.eu/esco/isco/C22,22,,,"http://data.europa.eu/esco/concept-scheme/occupations,
http://data.europa.eu/esco/concept-scheme/isco",
ISCOGroup,http://data.europa.eu/esco/isco/C221,221,,,"http://data.europa.eu/esco/concept-scheme/occupations,
http://data.europa.eu/esco/concept-scheme/isco",
ISCOGroup,http://data.europa.eu/esco/isco/C2211,2211,,,"http://data.europa.eu/esco/concept-scheme/occupations,
http://data.europa.eu/esco/concept-scheme/isco",
ISCOGroup,http://data.europa.eu/esco/isco/C2212,2212,,,"http://data.europa.eu/esco/concept-scheme/occupations,
http://data.europa.eu/esco/concept-scheme/isco",
ISCOGroup,http://data.europa.eu/esco/isco/C222,222,,,"http://data.europa.eu/esco/concept-scheme/isco,
http://data.europa.eu/esco/concept-scheme/occupations",
ISCOGroup,http://data.europa.eu/esco/isco/C2221,2221,,,"http://data.europa.eu/esco/concept-scheme/isco,
http://data.europa.eu/esco/concept-scheme/occupations",
ISCOGroup,http://data.europa.eu/esco/isco/C2222,2222,,,"http://data.europa.eu/esco/concept-scheme/occupations,
http://data.europa.eu/esco/concept-scheme/isco",
ISCOGroup,http://data.europa.eu/esco/isco/C223,223,,,"http://data.europa.eu/esco/concept-scheme/occupations,
http://data.europa.eu/esco/concept-scheme/isco",
ISCOGroup,http://data.europa.eu/esco/isco/C2230,2230,,,"http://data.europa.eu/esco/concept-scheme/isco,
http://data.europa.eu/esco/concept-scheme/occupations",
ISCOGroup,http://data.europa.eu/esco/isco/C224,224,,,"http://data.europa.eu/esco/concept-scheme/occupations,
http://data.europa.eu/esco/concept-scheme/isco",
ISCOGroup,http://data.europa.eu/esco/isco/C2240,2240,,,"http://data.europa.eu/esco/concept-scheme/occupations,
http://data.europa.eu/esco/concept-scheme/isco",
ISCOGroup,http://data.europa.eu/esco/isco/C225,225,,,"http://data.europa.eu/esco/concept-scheme/isco,
http://data.europa.eu/esco/concept-scheme/occupations",
ISCOGroup,http://data.europa.eu/esco/isco/C2250,2250,,,"http://data.europa.eu/esco/concept-scheme/occupations,
http://data.europa.eu/esco/concept-scheme/isco",
ISCOGroup,http://data.europa.eu/esco/isco/C226,226,,,"http://data.europa.eu/esco/concept-scheme/occupations,
http://data.europa.eu/esco/concept-scheme/isco",
ISCOGroup,http://data.europa.eu/esco/isco/C2261,2261,,,"http://data.europa.eu/esco/concept-scheme/isco,
http://data.europa.eu/esco/concept-scheme/occupations",
ISCOGroup,http://data.europa.eu/esco/isco/C2262,2262,,,"http://data.europa.eu/esco/concept-scheme/occupations,
http://data.europa.eu/esco/concept-scheme/isco",
ISCOGroup,http://data.europa.eu/esco/isco/C2263,2263,,,"http://data.europa.eu/esco/concept-scheme/occupations,
http://data.europa.eu/esco/concept-scheme/isco",
ISCOGroup,http://data.europa.eu/esco/isco/C2264,2264,,,"http://data.europa.eu/esco/concept-scheme/occupations,
http://data.europa.eu/esco/concept-scheme/isco",
ISCOGroup,http://data.europa.eu/esco/isco/C2265,2265,,,"http://data.europa.eu/esco/concept-scheme/occupations,
http://data.europa.eu/esco/concept-scheme/isco",
ISCOGroup,http://data.europa.eu/esco/isco/C2266,2266,,,"http://data.europa.eu/esco/concept-scheme/isco,
http://data.europa.eu/esco/concept-scheme/occupations",
ISCOGroup,http://data.europa.eu/esco/isco/C2267,2267,,,"http://data.europa.eu/esco/concept-scheme/occupations,
http://data.europa.eu/esco/concept-scheme/isco",
ISCOGroup,http://data.europa.eu/esco/isco/C2269,2269,,,"http://data.europa.eu/esco/concept-scheme/occupations,
http://data.europa.eu/esco/concept-scheme/isco",
ISCOGroup,http://data.europa.eu/esco/isco/C23,23,,,"http://data.europa.eu/esco/concept-scheme/isco,
http://data.europa.eu/esco/concept-scheme/occupations",
ISCOGroup,http://data.europa.eu/esco/isco/C231,231,,,"http://data.europa.eu/esco/concept-scheme/occupations,
http://data.europa.eu/esco/concept-scheme/isco",
ISCOGroup,http://data.europa.eu/esco/isco/C2310,2310,,,"http://data.europa.eu/esco/concept-scheme/occupations,
http://data.europa.eu/esco/concept-scheme/isco",
ISCOGroup,http://data.europa.eu/esco/isco/C232,232,,,"http://data.europa.eu/esco/concept-scheme/occupations,
http://data.europa.eu/esco/concept-scheme/isco",
ISCOGroup,http://data.europa.eu/esco/isco/C2320,2320,,,"http://data.europa.eu/esco/concept-scheme/occupations,
http://data.europa.eu/esco/concept-scheme/isco",
ISCOGroup,http://data.europa.eu/esco/isco/C233,233,,,"http://data.europa.eu/esco/concept-scheme/isco,
http://data.europa.eu/esco/concept-scheme/occupations",
ISCOGroup,http://data.europa.eu/esco/isco/C2330,2330,,,"http://data.europa.eu/esco/concept-scheme/occupations,
http://data.europa.eu/esco/concept-scheme/isco",
ISCOGroup,http://data.europa.eu/esco/isco/C234,234,,,"http://data.europa.eu/esco/concept-scheme/occupations,
http://data.europa.eu/esco/concept-scheme/isco",
ISCOGroup,http://data.europa.eu/esco/isco/C2341,2341,,,"http://data.europa.eu/esco/concept-scheme/isco,
http://data.europa.eu/esco/concept-scheme/occupations",
ISCOGroup,http://data.europa.eu/esco/isco/C2342,2342,,,"http://data.europa.eu/esco/concept-scheme/isco,
http://data.europa.eu/esco/concept-scheme/occupations",
ISCOGroup,http://data.europa.eu/esco/isco/C235,235,,,"http://data.europa.eu/esco/concept-scheme/occupations,
http://data.europa.eu/esco/concept-scheme/isco",
ISCOGroup,http://data.europa.eu/esco/isco/C2351,2351,,,"http://data.europa.eu/esco/concept-scheme/isco,
http://data.europa.eu/esco/concept-scheme/occupations",
ISCOGroup,http://data.europa.eu/esco/isco/C2352,2352,,,"http://data.europa.eu/esco/concept-scheme/occupations,
http://data.europa.eu/esco/concept-scheme/isco",
ISCOGroup,http://data.europa.eu/esco/isco/C2353,2353,,,"http://data.europa.eu/esco/concept-scheme/occupations,
http://data.europa.eu/esco/concept-scheme/isco",
ISCOGroup,http://data.europa.eu/esco/isco/C2354,2354,,,"http://data.europa.eu/esco/concept-scheme/occupations,
http://data.europa.eu/esco/concept-scheme/isco",
ISCOGroup,http://data.europa.eu/esco/isco/C2355,2355,,,"http://data.europa.eu/esco/concept-scheme/occupations,
http://data.europa.eu/esco/concept-scheme/isco",
ISCOGroup,http://data.europa.eu/esco/isco/C2356,2356,,,"http://data.europa.eu/esco/concept-scheme/occupations,
http://data.europa.eu/esco/concept-scheme/isco",
ISCOGroup,http://data.europa.eu/esco/isco/C2359,2359,,,"http://data.europa.eu/esco/concept-scheme/occupations,
http://data.europa.eu/esco/concept-scheme/isco",
ISCOGroup,http://data.europa.eu/esco/isco/C24,24,,,"http://data.europa.eu/esco/concept-scheme/isco,
http://data.europa.eu/esco/concept-scheme/occupations",
ISCOGroup,http://data.europa.eu/esco/isco/C241,241,,,"http://data.europa.eu/esco/concept-scheme/occupations,
http://data.europa.eu/esco/concept-scheme/isco",
ISCOGroup,http://data.europa.eu/esco/isco/C2411,2411,,,"http://data.europa.eu/esco/concept-scheme/isco,
http://data.europa.eu/esco/concept-scheme/occupations",
ISCOGroup,http://data.europa.eu/esco/isco/C2412,2412,,,"http://data.europa.eu/esco/concept-scheme/occupations,
http://data.europa.eu/esco/concept-scheme/isco",
ISCOGroup,http://data.europa.eu/esco/isco/C2413,2413,,,"http://data.europa.eu/esco/concept-scheme/isco,
http://data.europa.eu/esco/concept-scheme/occupations",
ISCOGroup,http://data.europa.eu/esco/isco/C242,242,,,"http://data.europa.eu/esco/concept-scheme/isco,
http://data.europa.eu/esco/concept-scheme/occupations",
ISCOGroup,http://data.europa.eu/esco/isco/C2421,2421,,,"http://data.europa.eu/esco/concept-scheme/isco,
http://data.europa.eu/esco/concept-scheme/occupations",
ISCOGroup,http://data.europa.eu/esco/isco/C2422,2422,,,"http://data.europa.eu/esco/concept-scheme/isco,
http://data.europa.eu/esco/concept-scheme/occupations",
ISCOGroup,http://data.europa.eu/esco/isco/C2423,2423,,,"http://data.europa.eu/esco/concept-scheme/isco,
http://data.europa.eu/esco/concept-scheme/occupations",
ISCOGroup,http://data.europa.eu/esco/isco/C2424,2424,,,"http://data.europa.eu/esco/concept-scheme/occupations,
http://data.europa.eu/esco/concept-scheme/isco",
ISCOGroup,http://data.europa.eu/esco/isco/C243,243,,,"http://data.europa.eu/esco/concept-scheme/isco,
http://data.europa.eu/esco/concept-scheme/occupations",
ISCOGroup,http://data.europa.eu/esco/isco/C2431,2431,,,"http://data.europa.eu/esco/concept-scheme/occupations,
http://data.europa.eu/esco/concept-scheme/isco",
ISCOGroup,http://data.europa.eu/esco/isco/C2432,2432,,,"http://data.europa.eu/esco/concept-scheme/occupations,
http://data.europa.eu/esco/concept-scheme/isco",
ISCOGroup,http://data.europa.eu/esco/isco/C2433,2433,,,"http://data.europa.eu/esco/concept-scheme/isco,
http://data.europa.eu/esco/concept-scheme/occupations",
ISCOGroup,http://data.europa.eu/esco/isco/C2434,2434,,,"http://data.europa.eu/esco/concept-scheme/isco,
http://data.europa.eu/esco/concept-scheme/occupations",
ISCOGroup,http://data.europa.eu/esco/isco/C25,25,,,"http://data.europa.eu/esco/concept-scheme/isco,
http://data.europa.eu/esco/concept-scheme/occupations",
ISCOGroup,http://data.europa.eu/esco/isco/C251,251,,,"http://data.europa.eu/esco/concept-scheme/occupations,
http://data.europa.eu/esco/concept-scheme/isco",
ISCOGroup,http://data.europa.eu/esco/isco/C2511,2511,,,"http://data.europa.eu/esco/concept-scheme/isco,
http://data.europa.eu/esco/concept-scheme/occupations",
ISCOGroup,http://data.europa.eu/esco/isco/C2512,2512,,,"http://data.europa.eu/esco/concept-scheme/isco,
http://data.europa.eu/esco/concept-scheme/occupations",
ISCOGroup,http://data.europa.eu/esco/isco/C2513,2513,,,"http://data.europa.eu/esco/concept-scheme/isco,
http://data.europa.eu/esco/concept-scheme/occupations",
ISCOGroup,http://data.europa.eu/esco/isco/C2514,2514,,,"http://data.europa.eu/esco/concept-scheme/occupations,
http://data.europa.eu/esco/concept-scheme/isco",
ISCOGroup,http://data.europa.eu/esco/isco/C2519,2519,,,"http://data.europa.eu/esco/concept-scheme/isco,
http://data.europa.eu/esco/concept-scheme/occupations",
ISCOGroup,http://data.europa.eu/esco/isco/C252,252,,,"http://data.europa.eu/esco/concept-scheme/isco,
http://data.europa.eu/esco/concept-scheme/occupations",
ISCOGroup,http://data.europa.eu/esco/isco/C2521,2521,,,"http://data.europa.eu/esco/concept-scheme/occupations,
http://data.europa.eu/esco/concept-scheme/isco",
ISCOGroup,http://data.europa.eu/esco/isco/C2522,2522,,,"http://data.europa.eu/esco/concept-scheme/isco,
http://data.europa.eu/esco/concept-scheme/occupations",
ISCOGroup,http://data.europa.eu/esco/isco/C2523,2523,,,"http://data.europa.eu/esco/concept-scheme/isco,
http://data.europa.eu/esco/concept-scheme/occupations",
ISCOGroup,http://data.europa.eu/esco/isco/C2529,2529,,,"http://data.europa.eu/esco/concept-scheme/occupations,
http://data.europa.eu/esco/concept-scheme/isco",
ISCOGroup,http://data.europa.eu/esco/isco/C26,26,,,"http://data.europa.eu/esco/concept-scheme/isco,
http://data.europa.eu/esco/concept-scheme/occupations",
ISCOGroup,http://data.europa.eu/esco/isco/C261,261,,,"http://data.europa.eu/esco/concept-scheme/occupations,
http://data.europa.eu/esco/concept-scheme/isco",
ISCOGroup,http://data.europa.eu/esco/isco/C2611,2611,,,"http://data.europa.eu/esco/concept-scheme/isco,
http://data.europa.eu/esco/concept-scheme/occupations",
ISCOGroup,http://data.europa.eu/esco/isco/C2612,2612,,,"http://data.europa.eu/esco/concept-scheme/isco,
http://data.europa.eu/esco/concept-scheme/occupations",
ISCOGroup,http://data.europa.eu/esco/isco/C2619,2619,,,"http://data.europa.eu/esco/concept-scheme/occupations,
http://data.europa.eu/esco/concept-scheme/isco",
ISCOGroup,http://data.europa.eu/esco/isco/C262,262,,,"http://data.europa.eu/esco/concept-scheme/isco,
http://data.europa.eu/esco/concept-scheme/occupations",
ISCOGroup,http://data.europa.eu/esco/isco/C2621,2621,,,"http://data.europa.eu/esco/concept-scheme/isco,
http://data.europa.eu/esco/concept-scheme/occupations",
ISCOGroup,http://data.europa.eu/esco/isco/C2622,2622,,,"http://data.europa.eu/esco/concept-scheme/isco,
http://data.europa.eu/esco/concept-scheme/occupations",
ISCOGroup,http://data.europa.eu/esco/isco/C263,263,,,"http://data.europa.eu/esco/concept-scheme/occupations,
http://data.europa.eu/esco/concept-scheme/isco",
ISCOGroup,http://data.europa.eu/esco/isco/C2631,2631,,,"http://data.europa.eu/esco/concept-scheme/occupations,
http://data.europa.eu/esco/concept-scheme/isco",
ISCOGroup,http://data.europa.eu/esco/isco/C2632,2632,,,"http://data.europa.eu/esco/concept-scheme/isco,
http://data.europa.eu/esco/concept-scheme/occupations",
ISCOGroup,http://data.europa.eu/esco/isco/C2633,2633,,,"http://data.europa.eu/esco/concept-scheme/isco,
http://data.europa.eu/esco/concept-scheme/occupations",
ISCOGroup,http://data.europa.eu/esco/isco/C2634,2634,,,"http://data.europa.eu/esco/concept-scheme/occupations,
http://data.europa.eu/esco/concept-scheme/isco",
ISCOGroup,http://data.europa.eu/esco/isco/C2635,2635,,,"http://data.europa.eu/esco/concept-scheme/occupations,
http://data.europa.eu/esco/concept-scheme/isco",
ISCOGroup,http://data.europa.eu/esco/isco/C2636,2636,,,"http://data.europa.eu/esco/concept-scheme/occupations,
http://data.europa.eu/esco/concept-scheme/isco",
ISCOGroup,http://data.europa.eu/esco/isco/C264,264,,,"http://data.europa.eu/esco/concept-scheme/isco,
http://data.europa.eu/esco/concept-scheme/occupations",
ISCOGroup,http://data.europa.eu/esco/isco/C2641,2641,,,"http://data.europa.eu/esco/concept-scheme/occupations,
http://data.europa.eu/esco/concept-scheme/isco",
ISCOGroup,http://data.europa.eu/esco/isco/C2642,2642,,,"http://data.europa.eu/esco/concept-scheme/isco,
http://data.europa.eu/esco/concept-scheme/occupations",
ISCOGroup,http://data.europa.eu/esco/isco/C2643,2643,,,"http://data.europa.eu/esco/concept-scheme/occupations,
http://data.europa.eu/esco/concept-scheme/isco",
ISCOGroup,http://data.europa.eu/esco/isco/C265,265,,,"http://data.europa.eu/esco/concept-scheme/occupations,
http://data.europa.eu/esco/concept-scheme/isco",
ISCOGroup,http://data.europa.eu/esco/isco/C2651,2651,,,"http://data.europa.eu/esco/concept-scheme/isco,
http://data.europa.eu/esco/concept-scheme/occupations",
ISCOGroup,http://data.europa.eu/esco/isco/C2652,2652,,,"http://data.europa.eu/esco/concept-scheme/isco,
http://data.europa.eu/esco/concept-scheme/occupations",
ISCOGroup,http://data.europa.eu/esco/isco/C2653,2653,,,"http://data.europa.eu/esco/concept-scheme/occupations,
http://data.europa.eu/esco/concept-scheme/isco",
ISCOGroup,http://data.europa.eu/esco/isco/C2654,2654,,,"http://data.europa.eu/esco/concept-scheme/isco,
http://data.europa.eu/esco/concept-scheme/occupations",
ISCOGroup,http://data.europa.eu/esco/isco/C2655,2655,,,"http://data.europa.eu/esco/concept-scheme/isco,
http://data.europa.eu/esco/concept-scheme/occupations",
ISCOGroup,http://data.europa.eu/esco/isco/C2656,2656,,,"http://data.europa.eu/esco/concept-scheme/isco,
http://data.europa.eu/esco/concept-scheme/occupations",
ISCOGroup,http://data.europa.eu/esco/isco/C2659,2659,,,"http://data.europa.eu/esco/concept-scheme/isco,
http://data.europa.eu/esco/concept-scheme/occupations",
ISCOGroup,http://data.europa.eu/esco/isco/C3,3,,,"http://data.europa.eu/esco/concept-scheme/occupations,
http://data.europa.eu/esco/concept-scheme/isco",
ISCOGroup,http://data.europa.eu/esco/isco/C31,31,,,"http://data.europa.eu/esco/concept-scheme/isco,
http://data.europa.eu/esco/concept-scheme/occupations",
ISCOGroup,http://data.europa.eu/esco/isco/C311,311,,,"http://data.europa.eu/esco/concept-scheme/occupations,
http://data.europa.eu/esco/concept-scheme/isco",
ISCOGroup,http://data.europa.eu/esco/isco/C3111,3111,,,"http://data.europa.eu/esco/concept-scheme/occupations,
http://data.europa.eu/esco/concept-scheme/isco",
ISCOGroup,http://data.europa.eu/esco/isco/C3112,3112,,,"http://data.europa.eu/esco/concept-scheme/isco,
http://data.europa.eu/esco/concept-scheme/occupations",
ISCOGroup,http://data.europa.eu/esco/isco/C3113,3113,,,"http://data.europa.eu/esco/concept-scheme/isco,
http://data.europa.eu/esco/concept-scheme/occupations",
ISCOGroup,http://data.europa.eu/esco/isco/C3114,3114,,,"http://data.europa.eu/esco/concept-scheme/occupations,
http://data.europa.eu/esco/concept-scheme/isco",
ISCOGroup,http://data.europa.eu/esco/isco/C3115,3115,,,"http://data.europa.eu/esco/concept-scheme/occupations,
http://data.europa.eu/esco/concept-scheme/isco",
ISCOGroup,http://data.europa.eu/esco/isco/C3116,3116,,,"http://data.europa.eu/esco/concept-scheme/occupations,
http://data.europa.eu/esco/concept-scheme/isco",
ISCOGroup,http://data.europa.eu/esco/isco/C3117,3117,,,"http://data.europa.eu/esco/concept-scheme/isco,
http://data.europa.eu/esco/concept-scheme/occupations",
ISCOGroup,http://data.europa.eu/esco/isco/C3118,3118,,,"http://data.europa.eu/esco/concept-scheme/isco,
http://data.europa.eu/esco/concept-scheme/occupations",
ISCOGroup,http://data.europa.eu/esco/isco/C3119,3119,,,"http://data.europa.eu/esco/concept-scheme/occupations,
http://data.europa.eu/esco/concept-scheme/isco",
ISCOGroup,http://data.europa.eu/esco/isco/C312,312,,,"http://data.europa.eu/esco/concept-scheme/occupations,
http://data.europa.eu/esco/concept-scheme/isco",
ISCOGroup,http://data.europa.eu/esco/isco/C3121,3121,,,"http://data.europa.eu/esco/concept-scheme/isco,
http://data.europa.eu/esco/concept-scheme/occupations",
ISCOGroup,http://data.europa.eu/esco/isco/C3122,3122,,,"http://data.europa.eu/esco/concept-scheme/occupations,
http://data.europa.eu/esco/concept-scheme/isco",
ISCOGroup,http://data.europa.eu/esco/isco/C3123,3123,,,"http://data.europa.eu/esco/concept-scheme/occupations,
http://data.europa.eu/esco/concept-scheme/isco",
ISCOGroup,http://data.europa.eu/esco/isco/C313,313,,,"http://data.europa.eu/esco/concept-scheme/occupations,
http://data.europa.eu/esco/concept-scheme/isco",
ISCOGroup,http://data.europa.eu/esco/isco/C3131,3131,,,"http://data.europa.eu/esco/concept-scheme/isco,
http://data.europa.eu/esco/concept-scheme/occupations",
ISCOGroup,http://data.europa.eu/esco/isco/C3132,3132,,,"http://data.europa.eu/esco/concept-scheme/isco,
http://data.europa.eu/esco/concept-scheme/occupations",
ISCOGroup,http://data.europa.eu/esco/isco/C3133,3133,,,"http://data.europa.eu/esco/concept-scheme/occupations,
http://data.europa.eu/esco/concept-scheme/isco",
ISCOGroup,http://data.europa.eu/esco/isco/C3134,3134,,,"http://data.europa.eu/esco/concept-scheme/occupations,
http://data.europa.eu/esco/concept-scheme/isco",
ISCOGroup,http://data.europa.eu/esco/isco/C3135,3135,,,"http://data.europa.eu/esco/concept-scheme/isco,
http://data.europa.eu/esco/concept-scheme/occupations",
ISCOGroup,http://data.europa.eu/esco/isco/C3139,3139,,,"http://data.europa.eu/esco/concept-scheme/isco,
http://data.europa.eu/esco/concept-scheme/occupations",
ISCOGroup,http://data.europa.eu/esco/isco/C314,314,,,"http://data.europa.eu/esco/concept-scheme/isco,
http://data.europa.eu/esco/concept-scheme/occupations",
ISCOGroup,http://data.europa.eu/esco/isco/C3141,3141,,,"http://data.europa.eu/esco/concept-scheme/isco,
http://data.europa.eu/esco/concept-scheme/occupations",
ISCOGroup,http://data.europa.eu/esco/isco/C3142,3142,,,"http://data.europa.eu/esco/concept-scheme/isco,
http://data.europa.eu/esco/concept-scheme/occupations",
ISCOGroup,http://data.europa.eu/esco/isco/C3143,3143,,,"http://data.europa.eu/esco/concept-scheme/isco,
http://data.europa.eu/esco/concept-scheme/occupations",
ISCOGroup,http://data.europa.eu/esco/isco/C315,315,,,"http://data.europa.eu/esco/concept-scheme/occupations,
http://data.europa.eu/esco/concept-scheme/isco",
ISCOGroup,http://data.europa.eu/esco/isco/C3151,3151,,,"http://data.europa.eu/esco/concept-scheme/occupations,
http://data.europa.eu/esco/concept-scheme/isco",
ISCOGroup,http://data.europa.eu/esco/isco/C3152,3152,,,"http://data.europa.eu/esco/concept-scheme/occupations,
http://data.europa.eu/esco/concept-scheme/isco",
ISCOGroup,http://data.europa.eu/esco/isco/C3153,3153,,,"http://data.europa.eu/esco/concept-scheme/isco,
http://data.europa.eu/esco/concept-scheme/occupations",
ISCOGroup,http://data.europa.eu/esco/isco/C3154,3154,,,"http://data.europa.eu/esco/concept-scheme/isco,
http://data.europa.eu/esco/concept-scheme/occupations",
ISCOGroup,http://data.europa.eu/esco/isco/C3155,3155,,,"http://data.europa.eu/esco/concept-scheme/isco,
http://data.europa.eu/esco/concept-scheme/occupations",
ISCOGroup,http://data.europa.eu/esco/isco/C32,32,,,"http://data.europa.eu/esco/concept-scheme/isco,
http://data.europa.eu/esco/concept-scheme/occupations",
ISCOGroup,http://data.europa.eu/esco/isco/C321,321,,,"http://data.europa.eu/esco/concept-scheme/occupations,
http://data.europa.eu/esco/concept-scheme/isco",
ISCOGroup,http://data.europa.eu/esco/isco/C3211,3211,,,"http://data.europa.eu/esco/concept-scheme/occupations,
http://data.europa.eu/esco/concept-scheme/isco",
ISCOGroup,http://data.europa.eu/esco/isco/C3212,3212,,,"http://data.europa.eu/esco/concept-scheme/occupations,
http://data.europa.eu/esco/concept-scheme/isco",
ISCOGroup,http://data.europa.eu/esco/isco/C3213,3213,,,"http://data.europa.eu/esco/concept-scheme/isco,
http://data.europa.eu/esco/concept-scheme/occupations",
ISCOGroup,http://data.europa.eu/esco/isco/C3214,3214,,,"http://data.europa.eu/esco/concept-scheme/isco,
http://data.europa.eu/esco/concept-scheme/occupations",
ISCOGroup,http://data.europa.eu/esco/isco/C322,322,,,"http://data.europa.eu/esco/concept-scheme/isco,
http://data.europa.eu/esco/concept-scheme/occupations",
ISCOGroup,http://data.europa.eu/esco/isco/C3221,3221,,,"http://data.europa.eu/esco/concept-scheme/isco,
http://data.europa.eu/esco/concept-scheme/occupations",
ISCOGroup,http://data.europa.eu/esco/isco/C3222,3222,,,"http://data.europa.eu/esco/concept-scheme/isco,
http://data.europa.eu/esco/concept-scheme/occupations",
ISCOGroup,http://data.europa.eu/esco/isco/C323,323,,,"http://data.europa.eu/esco/concept-scheme/occupations,
http://data.europa.eu/esco/concept-scheme/isco",
ISCOGroup,http://data.europa.eu/esco/isco/C3230,3230,,,"http://data.europa.eu/esco/concept-scheme/isco,
http://data.europa.eu/esco/concept-scheme/occupations",
ISCOGroup,http://data.europa.eu/esco/isco/C324,324,,,"http://data.europa.eu/esco/concept-scheme/occupations,
http://data.europa.eu/esco/concept-scheme/isco",
ISCOGroup,http://data.europa.eu/esco/isco/C3240,3240,,,"http://data.europa.eu/esco/concept-scheme/isco,
http://data.europa.eu/esco/concept-scheme/occupations",
ISCOGroup,http://data.europa.eu/esco/isco/C325,325,,,"http://data.europa.eu/esco/concept-scheme/occupations,
http://data.europa.eu/esco/concept-scheme/isco",
ISCOGroup,http://data.europa.eu/esco/isco/C3251,3251,,,"http://data.europa.eu/esco/concept-scheme/isco,
http://data.europa.eu/esco/concept-scheme/occupations",
ISCOGroup,http://data.europa.eu/esco/isco/C3252,3252,,,"http://data.europa.eu/esco/concept-scheme/isco,
http://data.europa.eu/esco/concept-scheme/occupations",
ISCOGroup,http://data.europa.eu/esco/isco/C3253,3253,,,"http://data.europa.eu/esco/concept-scheme/isco,
http://data.europa.eu/esco/concept-scheme/occupations",
ISCOGroup,http://data.europa.eu/esco/isco/C3254,3254,,,"http://data.europa.eu/esco/concept-scheme/occupations,
http://data.europa.eu/esco/concept-scheme/isco",
ISCOGroup,http://data.europa.eu/esco/isco/C3255,3255,,,"http://data.europa.eu/esco/concept-scheme/isco,
http://data.europa.eu/esco/concept-scheme/occupations",
ISCOGroup,http://data.europa.eu/esco/isco/C3256,3256,,,"http://data.europa.eu/esco/concept-scheme/occupations,
http://data.europa.eu/esco/concept-scheme/isco",
ISCOGroup,http://data.europa.eu/esco/isco/C3257,3257,,,"http://data.europa.eu/esco/concept-scheme/isco,
http://data.europa.eu/esco/concept-scheme/occupations",
ISCOGroup,http://data.europa.eu/esco/isco/C3258,3258,,,"http://data.europa.eu/esco/concept-scheme/occupations,
http://data.europa.eu/esco/concept-scheme/isco",
ISCOGroup,http://data.europa.eu/esco/isco/C3259,3259,,,"http://data.europa.eu/esco/concept-scheme/isco,
http://data.europa.eu/esco/concept-scheme/occupations",
ISCOGroup,http://data.europa.eu/esco/isco/C33,33,,,"http://data.europa.eu/esco/concept-scheme/occupations,
http://data.europa.eu/esco/concept-scheme/isco",
ISCOGroup,http://data.europa.eu/esco/isco/C331,331,,,"http://data.europa.eu/esco/concept-scheme/occupations,
http://data.europa.eu/esco/concept-scheme/isco",
ISCOGroup,http://data.europa.eu/esco/isco/C3311,3311,,,"http://data.europa.eu/esco/concept-scheme/isco,
http://data.europa.eu/esco/concept-scheme/occupations",
ISCOGroup,http://data.europa.eu/esco/isco/C3312,3312,,,"http://data.europa.eu/esco/concept-scheme/occupations,
http://data.europa.eu/esco/concept-scheme/isco",
ISCOGroup,http://data.europa.eu/esco/isco/C3313,3313,,,"http://data.europa.eu/esco/concept-scheme/occupations,
http://data.europa.eu/esco/concept-scheme/isco",
ISCOGroup,http://data.europa.eu/esco/isco/C3314,3314,,,"http://data.europa.eu/esco/concept-scheme/occupations,
http://data.europa.eu/esco/concept-scheme/isco",
ISCOGroup,http://data.europa.eu/esco/isco/C3315,3315,,,"http://data.europa.eu/esco/concept-scheme/isco,
http://data.europa.eu/esco/concept-scheme/occupations",
ISCOGroup,http://data.europa.eu/esco/isco/C332,332,,,"http://data.europa.eu/esco/concept-scheme/isco,
http://data.europa.eu/esco/concept-scheme/occupations",
ISCOGroup,http://data.europa.eu/esco/isco/C3321,3321,,,"http://data.europa.eu/esco/concept-scheme/occupations,
http://data.europa.eu/esco/concept-scheme/isco",
ISCOGroup,http://data.europa.eu/esco/isco/C3322,3322,,,"http://data.europa.eu/esco/concept-scheme/occupations,
http://data.europa.eu/esco/concept-scheme/isco",
ISCOGroup,http://data.europa.eu/esco/isco/C3323,3323,,,"http://data.europa.eu/esco/concept-scheme/occupations,
http://data.europa.eu/esco/concept-scheme/isco",
ISCOGroup,http://data.europa.eu/esco/isco/C3324,3324,,,"http://data.europa.eu/esco/concept-scheme/occupations,
http://data.europa.eu/esco/concept-scheme/isco",
ISCOGroup,http://data.europa.eu/esco/isco/C333,333,,,"http://data.europa.eu/esco/concept-scheme/isco,
http://data.europa.eu/esco/concept-scheme/occupations",
ISCOGroup,http://data.europa.eu/esco/isco/C3331,3331,,,"http://data.europa.eu/esco/concept-scheme/occupations,
http://data.europa.eu/esco/concept-scheme/isco",
ISCOGroup,http://data.europa.eu/esco/isco/C3332,3332,,,"http://data.europa.eu/esco/concept-scheme/occupations,
http://data.europa.eu/esco/concept-scheme/isco",
ISCOGroup,http://data.europa.eu/esco/isco/C3333,3333,,,"http://data.europa.eu/esco/concept-scheme/isco,
http://data.europa.eu/esco/concept-scheme/occupations",
ISCOGroup,http://data.europa.eu/esco/isco/C3334,3334,,,"http://data.europa.eu/esco/concept-scheme/isco,
http://data.europa.eu/esco/concept-scheme/occupations",
ISCOGroup,http://data.europa.eu/esco/isco/C3339,3339,,,"http://data.europa.eu/esco/concept-scheme/isco,
http://data.europa.eu/esco/concept-scheme/occupations",
ISCOGroup,http://data.europa.eu/esco/isco/C334,334,,,"http://data.europa.eu/esco/concept-scheme/isco,
http://data.europa.eu/esco/concept-scheme/occupations",
ISCOGroup,http://data.europa.eu/esco/isco/C3341,3341,,,"http://data.europa.eu/esco/concept-scheme/occupations,
http://data.europa.eu/esco/concept-scheme/isco",
ISCOGroup,http://data.europa.eu/esco/isco/C3342,3342,,,"http://data.europa.eu/esco/concept-scheme/isco,
http://data.europa.eu/esco/concept-scheme/occupations",
ISCOGroup,http://data.europa.eu/esco/isco/C3343,3343,,,"http://data.europa.eu/esco/concept-scheme/isco,
http://data.europa.eu/esco/concept-scheme/occupations",
ISCOGroup,http://data.europa.eu/esco/isco/C3344,3344,,,"http://data.europa.eu/esco/concept-scheme/isco,
http://data.europa.eu/esco/concept-scheme/occupations",
ISCOGroup,http://data.europa.eu/esco/isco/C335,335,,,"http://data.europa.eu/esco/concept-scheme/isco,
http://data.europa.eu/esco/concept-scheme/occupations",
ISCOGroup,http://data.europa.eu/esco/isco/C3351,3351,,,"http://data.europa.eu/esco/concept-scheme/occupations,
http://data.europa.eu/esco/concept-scheme/isco",
ISCOGroup,http://data.europa.eu/esco/isco/C3352,3352,,,"http://data.europa.eu/esco/concept-scheme/occupations,
http://data.europa.eu/esco/concept-scheme/isco",
ISCOGroup,http://data.europa.eu/esco/isco/C3353,3353,,,"http://data.europa.eu/esco/concept-scheme/isco,
http://data.europa.eu/esco/concept-scheme/occupations",
ISCOGroup,http://data.europa.eu/esco/isco/C3354,3354,,,"http://data.europa.eu/esco/concept-scheme/isco,
http://data.europa.eu/esco/concept-scheme/occupations",
ISCOGroup,http://data.europa.eu/esco/isco/C3355,3355,,,"http://data.europa.eu/esco/concept-scheme/isco,
http://data.europa.eu/esco/concept-scheme/occupations",
ISCOGroup,http://data.europa.eu/esco/isco/C3359,3359,,,"http://data.europa.eu/esco/concept-scheme/isco,
http://data.europa.eu/esco/concept-scheme/occupations",
ISCOGroup,http://data.europa.eu/esco/isco/C34,34,,,"http://data.europa.eu/esco/concept-scheme/occupations,
http://data.europa.eu/esco/concept-scheme/isco",
ISCOGroup,http://data.europa.eu/esco/isco/C341,341,,,"http://data.europa.eu/esco/concept-scheme/occupations,
http://data.europa.eu/esco/concept-scheme/isco",
ISCOGroup,http://data.europa.eu/esco/isco/C3411,3411,,,"http://data.europa.eu/esco/concept-scheme/isco,
http://data.europa.eu/esco/concept-scheme/occupations",
ISCOGroup,http://data.europa.eu/esco/isco/C3412,3412,,,"http://data.europa.eu/esco/concept-scheme/isco,
http://data.europa.eu/esco/concept-scheme/occupations",
ISCOGroup,http://data.europa.eu/esco/isco/C3413,3413,,,"http://data.europa.eu/esco/concept-scheme/occupations,
http://data.europa.eu/esco/concept-scheme/isco",
ISCOGroup,http://data.europa.eu/esco/isco/C342,342,,,"http://data.europa.eu/esco/concept-scheme/isco,
http://data.europa.eu/esco/concept-scheme/occupations",
ISCOGroup,http://data.europa.eu/esco/isco/C3421,3421,,,"http://data.europa.eu/esco/concept-scheme/occupations,
http://data.europa.eu/esco/concept-scheme/isco",
ISCOGroup,http://data.europa.eu/esco/isco/C3422,3422,,,"http://data.europa.eu/esco/concept-scheme/occupations,
http://data.europa.eu/esco/concept-scheme/isco",
ISCOGroup,http://data.europa.eu/esco/isco/C3423,3423,,,"http://data.europa.eu/esco/concept-scheme/occupations,
http://data.europa.eu/esco/concept-scheme/isco",
ISCOGroup,http://data.europa.eu/esco/isco/C343,343,,,"http://data.europa.eu/esco/concept-scheme/isco,
http://data.europa.eu/esco/concept-scheme/occupations",
ISCOGroup,http://data.europa.eu/esco/isco/C3431,3431,,,"http://data.europa.eu/esco/concept-scheme/isco,
http://data.europa.eu/esco/concept-scheme/occupations",
ISCOGroup,http://data.europa.eu/esco/isco/C3432,3432,,,"http://data.europa.eu/esco/concept-scheme/occupations,
http://data.europa.eu/esco/concept-scheme/isco",
ISCOGroup,http://data.europa.eu/esco/isco/C3433,3433,,,"http://data.europa.eu/esco/concept-scheme/occupations,
http://data.europa.eu/esco/concept-scheme/isco",
ISCOGroup,http://data.europa.eu/esco/isco/C3434,3434,,,"http://data.europa.eu/esco/concept-scheme/occupations,
http://data.europa.eu/esco/concept-scheme/isco",
ISCOGroup,http://data.europa.eu/esco/isco/C3435,3435,,,"http://data.europa.eu/esco/concept-scheme/occupations,
http://data.europa.eu/esco/concept-scheme/isco",
ISCOGroup,http://data.europa.eu/esco/isco/C35,35,,,"http://data.europa.eu/esco/concept-scheme/isco,
http://data.europa.eu/esco/concept-scheme/occupations",
ISCOGroup,http://data.europa.eu/esco/isco/C351,351,,,"http://data.europa.eu/esco/concept-scheme/isco,
http://data.europa.eu/esco/concept-scheme/occupations",
ISCOGroup,http://data.europa.eu/esco/isco/C3511,3511,,,"http://data.europa.eu/esco/concept-scheme/isco,
http://data.europa.eu/esco/concept-scheme/occupations",
ISCOGroup,http://data.europa.eu/esco/isco/C3512,3512,,,"http://data.europa.eu/esco/concept-scheme/isco,
http://data.europa.eu/esco/concept-scheme/occupations",
ISCOGroup,http://data.europa.eu/esco/isco/C3513,3513,,,"http://data.europa.eu/esco/concept-scheme/isco,
http://data.europa.eu/esco/concept-scheme/occupations",
ISCOGroup,http://data.europa.eu/esco/isco/C3514,3514,,,"http://data.europa.eu/esco/concept-scheme/isco,
http://data.europa.eu/esco/concept-scheme/occupations",
ISCOGroup,http://data.europa.eu/esco/isco/C352,352,,,"http://data.europa.eu/esco/concept-scheme/occupations,
http://data.europa.eu/esco/concept-scheme/isco",
ISCOGroup,http://data.europa.eu/esco/isco/C3521,3521,,,"http://data.europa.eu/esco/concept-scheme/isco,
http://data.europa.eu/esco/concept-scheme/occupations",
ISCOGroup,http://data.europa.eu/esco/isco/C3522,3522,,,"http://data.europa.eu/esco/concept-scheme/occupations,
http://data.europa.eu/esco/concept-scheme/isco",
ISCOGroup,http://data.europa.eu/esco/isco/C4,4,,,"http://data.europa.eu/esco/concept-scheme/isco,
http://data.europa.eu/esco/concept-scheme/occupations",
ISCOGroup,http://data.europa.eu/esco/isco/C41,41,,,"http://data.europa.eu/esco/concept-scheme/isco,
http://data.europa.eu/esco/concept-scheme/occupations",
ISCOGroup,http://data.europa.eu/esco/isco/C411,411,,,"http://data.europa.eu/esco/concept-scheme/occupations,
http://data.europa.eu/esco/concept-scheme/isco",
ISCOGroup,http://data.europa.eu/esco/isco/C4110,4110,,,"http://data.europa.eu/esco/concept-scheme/occupations,
http://data.europa.eu/esco/concept-scheme/isco",
ISCOGroup,http://data.europa.eu/esco/isco/C412,412,,,"http://data.europa.eu/esco/concept-scheme/occupations,
http://data.europa.eu/esco/concept-scheme/isco",
ISCOGroup,http://data.europa.eu/esco/isco/C4120,4120,,,"http://data.europa.eu/esco/concept-scheme/occupations,
http://data.europa.eu/esco/concept-scheme/isco",
ISCOGroup,http://data.europa.eu/esco/isco/C413,413,,,"http://data.europa.eu/esco/concept-scheme/isco,
http://data.europa.eu/esco/concept-scheme/occupations",
ISCOGroup,http://data.europa.eu/esco/isco/C4131,4131,,,"http://data.europa.eu/esco/concept-scheme/occupations,
http://data.europa.eu/esco/concept-scheme/isco",
ISCOGroup,http://data.europa.eu/esco/isco/C4132,4132,,,"http://data.europa.eu/esco/concept-scheme/isco,
http://data.europa.eu/esco/concept-scheme/occupations",
ISCOGroup,http://data.europa.eu/esco/isco/C42,42,,,"http://data.europa.eu/esco/concept-scheme/occupations,
http://data.europa.eu/esco/concept-scheme/isco",
ISCOGroup,http://data.europa.eu/esco/isco/C421,421,,,"http://data.europa.eu/esco/concept-scheme/occupations,
http://data.europa.eu/esco/concept-scheme/isco",
ISCOGroup,http://data.europa.eu/esco/isco/C4211,4211,,,"http://data.europa.eu/esco/concept-scheme/isco,
http://data.europa.eu/esco/concept-scheme/occupations",
ISCOGroup,http://data.europa.eu/esco/isco/C4212,4212,,,"http://data.europa.eu/esco/concept-scheme/isco,
http://data.europa.eu/esco/concept-scheme/occupations",
ISCOGroup,http://data.europa.eu/esco/isco/C4213,4213,,,"http://data.europa.eu/esco/concept-scheme/isco,
http://data.europa.eu/esco/concept-scheme/occupations",
ISCOGroup,http://data.europa.eu/esco/isco/C4214,4214,,,"http://data.europa.eu/esco/concept-scheme/isco,
http://data.europa.eu/esco/concept-scheme/occupations",
ISCOGroup,http://data.europa.eu/esco/isco/C422,422,,,"http://data.europa.eu/esco/concept-scheme/isco,
http://data.europa.eu/esco/concept-scheme/occupations",
ISCOGroup,http://data.europa.eu/esco/isco/C4221,4221,,,"http://data.europa.eu/esco/concept-scheme/isco,
http://data.europa.eu/esco/concept-scheme/occupations",
ISCOGroup,http://data.europa.eu/esco/isco/C4222,4222,,,"http://data.europa.eu/esco/concept-scheme/occupations,
http://data.europa.eu/esco/concept-scheme/isco",
ISCOGroup,http://data.europa.eu/esco/isco/C4223,4223,,,"http://data.europa.eu/esco/concept-scheme/occupations,
http://data.europa.eu/esco/concept-scheme/isco",
ISCOGroup,http://data.europa.eu/esco/isco/C4224,4224,,,"http://data.europa.eu/esco/concept-scheme/occupations,
http://data.europa.eu/esco/concept-scheme/isco",
ISCOGroup,http://data.europa.eu/esco/isco/C4225,4225,,,"http://data.europa.eu/esco/concept-scheme/occupations,
http://data.europa.eu/esco/concept-scheme/isco",
ISCOGroup,http://data.europa.eu/esco/isco/C4226,4226,,,"http://data.europa.eu/esco/concept-scheme/isco,
http://data.europa.eu/esco/concept-scheme/occupations",
ISCOGroup,http://data.europa.eu/esco/isco/C4227,4227,,,"http://data.europa.eu/esco/concept-scheme/isco,
http://data.europa.eu/esco/concept-scheme/occupations",
ISCOGroup,http://data.europa.eu/esco/isco/C4229,4229,,,"http://data.europa.eu/esco/concept-scheme/occupations,
http://data.europa.eu/esco/concept-scheme/isco",
ISCOGroup,http://data.europa.eu/esco/isco/C43,43,,,"http://data.europa.eu/esco/concept-scheme/isco,
http://data.europa.eu/esco/concept-scheme/occupations",
ISCOGroup,http://data.europa.eu/esco/isco/C431,431,,,"http://data.europa.eu/esco/concept-scheme/isco,
http://data.europa.eu/esco/concept-scheme/occupations",
ISCOGroup,http://data.europa.eu/esco/isco/C4311,4311,,,"http://data.europa.eu/esco/concept-scheme/occupations,
http://data.europa.eu/esco/concept-scheme/isco",
ISCOGroup,http://data.europa.eu/esco/isco/C4312,4312,,,"http://data.europa.eu/esco/concept-scheme/occupations,
http://data.europa.eu/esco/concept-scheme/isco",
ISCOGroup,http://data.europa.eu/esco/isco/C4313,4313,,,"http://data.europa.eu/esco/concept-scheme/occupations,
http://data.europa.eu/esco/concept-scheme/isco",
ISCOGroup,http://data.europa.eu/esco/isco/C432,432,,,"http://data.europa.eu/esco/concept-scheme/isco,
http://data.europa.eu/esco/concept-scheme/occupations",
ISCOGroup,http://data.europa.eu/esco/isco/C4321,4321,,,"http://data.europa.eu/esco/concept-scheme/isco,
http://data.europa.eu/esco/concept-scheme/occupations",
ISCOGroup,http://data.europa.eu/esco/isco/C4322,4322,,,"http://data.europa.eu/esco/concept-scheme/occupations,
http://data.europa.eu/esco/concept-scheme/isco",
ISCOGroup,http://data.europa.eu/esco/isco/C4323,4323,,,"http://data.europa.eu/esco/concept-scheme/isco,
http://data.europa.eu/esco/concept-scheme/occupations",
ISCOGroup,http://data.europa.eu/esco/isco/C44,44,,,"http://data.europa.eu/esco/concept-scheme/occupations,
http://data.europa.eu/esco/concept-scheme/isco",
ISCOGroup,http://data.europa.eu/esco/isco/C441,441,,,"http://data.europa.eu/esco/concept-scheme/isco,
http://data.europa.eu/esco/concept-scheme/occupations",
ISCOGroup,http://data.europa.eu/esco/isco/C4411,4411,,,"http://data.europa.eu/esco/concept-scheme/occupations,
http://data.europa.eu/esco/concept-scheme/isco",
ISCOGroup,http://data.europa.eu/esco/isco/C4412,4412,,,"http://data.europa.eu/esco/concept-scheme/occupations,
http://data.europa.eu/esco/concept-scheme/isco",
ISCOGroup,http://data.europa.eu/esco/isco/C4413,4413,,,"http://data.europa.eu/esco/concept-scheme/occupations,
http://data.europa.eu/esco/concept-scheme/isco",
ISCOGroup,http://data.europa.eu/esco/isco/C4414,4414,,,"http://data.europa.eu/esco/concept-scheme/occupations,
http://data.europa.eu/esco/concept-scheme/isco",
ISCOGroup,http://data.europa.eu/esco/isco/C4415,4415,,,"http://data.europa.eu/esco/concept-scheme/occupations,
http://data.europa.eu/esco/concept-scheme/isco",
ISCOGroup,http://data.europa.eu/esco/isco/C4416,4416,,,"http://data.europa.eu/esco/concept-scheme/occupations,
http://data.europa.eu/esco/concept-scheme/isco",
ISCOGroup,http://data.europa.eu/esco/isco/C4419,4419,,,"http://data.europa.eu/esco/concept-scheme/occupations,
http://data.europa.eu/esco/concept-scheme/isco",
ISCOGroup,http://data.europa.eu/esco/isco/C5,5,,,"http://data.europa.eu/esco/concept-scheme/occupations,
http://data.europa.eu/esco/concept-scheme/isco",
ISCOGroup,http://data.europa.eu/esco/isco/C51,51,,,"http://data.europa.eu/esco/concept-scheme/isco,
http://data.europa.eu/esco/concept-scheme/occupations",
ISCOGroup,http://data.europa.eu/esco/isco/C511,511,,,"http://data.europa.eu/esco/concept-scheme/isco,
http://data.europa.eu/esco/concept-scheme/occupations",
ISCOGroup,http://data.europa.eu/esco/isco/C5111,5111,,,"http://data.europa.eu/esco/concept-scheme/isco,
http://data.europa.eu/esco/concept-scheme/occupations",
ISCOGroup,http://data.europa.eu/esco/isco/C5112,5112,,,"http://data.europa.eu/esco/concept-scheme/occupations,
http://data.europa.eu/esco/concept-scheme/isco",
ISCOGroup,http://data.europa.eu/esco/isco/C5113,5113,,,"http://data.europa.eu/esco/concept-scheme/isco,
http://data.europa.eu/esco/concept-scheme/occupations",
ISCOGroup,http://data.europa.eu/esco/isco/C512,512,,,"http://data.europa.eu/esco/concept-scheme/occupations,
http://data.europa.eu/esco/concept-scheme/isco",
ISCOGroup,http://data.europa.eu/esco/isco/C5120,5120,,,"http://data.europa.eu/esco/concept-scheme/occupations,
http://data.europa.eu/esco/concept-scheme/isco",
ISCOGroup,http://data.europa.eu/esco/isco/C513,513,,,"http://data.europa.eu/esco/concept-scheme/isco,
http://data.europa.eu/esco/concept-scheme/occupations",
ISCOGroup,http://data.europa.eu/esco/isco/C5131,5131,,,"http://data.europa.eu/esco/concept-scheme/isco,
http://data.europa.eu/esco/concept-scheme/occupations",
ISCOGroup,http://data.europa.eu/esco/isco/C5132,5132,,,"http://data.europa.eu/esco/concept-scheme/isco,
http://data.europa.eu/esco/concept-scheme/occupations",
ISCOGroup,http://data.europa.eu/esco/isco/C514,514,,,"http://data.europa.eu/esco/concept-scheme/occupations,
http://data.europa.eu/esco/concept-scheme/isco",
ISCOGroup,http://data.europa.eu/esco/isco/C5141,5141,,,"http://data.europa.eu/esco/concept-scheme/occupations,
http://data.europa.eu/esco/concept-scheme/isco",
ISCOGroup,http://data.europa.eu/esco/isco/C5142,5142,,,"http://data.europa.eu/esco/concept-scheme/isco,
http://data.europa.eu/esco/concept-scheme/occupations",
ISCOGroup,http://data.europa.eu/esco/isco/C515,515,,,"http://data.europa.eu/esco/concept-scheme/occupations,
http://data.europa.eu/esco/concept-scheme/isco",
ISCOGroup,http://data.europa.eu/esco/isco/C5151,5151,,,"http://data.europa.eu/esco/concept-scheme/isco,
http://data.europa.eu/esco/concept-scheme/occupations",
ISCOGroup,http://data.europa.eu/esco/isco/C5152,5152,,,"http://data.europa.eu/esco/concept-scheme/isco,
http://data.europa.eu/esco/concept-scheme/occupations",
ISCOGroup,http://data.europa.eu/esco/isco/C5153,5153,,,"http://data.europa.eu/esco/concept-scheme/occupations,
http://data.europa.eu/esco/concept-scheme/isco",
ISCOGroup,http://data.europa.eu/esco/isco/C516,516,,,"http://data.europa.eu/esco/concept-scheme/occupations,
http://data.europa.eu/esco/concept-scheme/isco",
ISCOGroup,http://data.europa.eu/esco/isco/C5161,5161,,,"http://data.europa.eu/esco/concept-scheme/isco,
http://data.europa.eu/esco/concept-scheme/occupations",
ISCOGroup,http://data.europa.eu/esco/isco/C5162,5162,,,"http://data.europa.eu/esco/concept-scheme/isco,
http://data.europa.eu/esco/concept-scheme/occupations",
ISCOGroup,http://data.europa.eu/esco/isco/C5163,5163,,,"http://data.europa.eu/esco/concept-scheme/isco,
http://data.europa.eu/esco/concept-scheme/occupations",
ISCOGroup,http://data.europa.eu/esco/isco/C5164,5164,,,"http://data.europa.eu/esco/concept-scheme/isco,
http://data.europa.eu/esco/concept-scheme/occupations",
ISCOGroup,http://data.europa.eu/esco/isco/C5165,5165,,,"http://data.europa.eu/esco/concept-scheme/isco,
http://data.europa.eu/esco/concept-scheme/occupations",
ISCOGroup,http://data.europa.eu/esco/isco/C5169,5169,,,"http://data.europa.eu/esco/concept-scheme/isco,
http://data.europa.eu/esco/concept-scheme/occupations",
ISCOGroup,http://data.europa.eu/esco/isco/C52,52,,,"http://data.europa.eu/esco/concept-scheme/isco,
http://data.europa.eu/esco/concept-scheme/occupations",
ISCOGroup,http://data.europa.eu/esco/isco/C521,521,,,"http://data.europa.eu/esco/concept-scheme/occupations,
http://data.europa.eu/esco/concept-scheme/isco",
ISCOGroup,http://data.europa.eu/esco/isco/C5211,5211,,,"http://data.europa.eu/esco/concept-scheme/occupations,
http://data.europa.eu/esco/concept-scheme/isco",
ISCOGroup,http://data.europa.eu/esco/isco/C5212,5212,,,"http://data.europa.eu/esco/concept-scheme/occupations,
http://data.europa.eu/esco/concept-scheme/isco",
ISCOGroup,http://data.europa.eu/esco/isco/C522,522,,,"http://data.europa.eu/esco/concept-scheme/isco,
http://data.europa.eu/esco/concept-scheme/occupations",
ISCOGroup,http://data.europa.eu/esco/isco/C5221,5221,,,"http://data.europa.eu/esco/concept-scheme/isco,
http://data.europa.eu/esco/concept-scheme/occupations",
ISCOGroup,http://data.europa.eu/esco/isco/C5222,5222,,,"http://data.europa.eu/esco/concept-scheme/isco,
http://data.europa.eu/esco/concept-scheme/occupations",
ISCOGroup,http://data.europa.eu/esco/isco/C5223,5223,,,"http://data.europa.eu/esco/concept-scheme/occupations,
http://data.europa.eu/esco/concept-scheme/isco",
ISCOGroup,http://data.europa.eu/esco/isco/C523,523,,,"http://data.europa.eu/esco/concept-scheme/isco,
http://data.europa.eu/esco/concept-scheme/occupations",
ISCOGroup,http://data.europa.eu/esco/isco/C5230,5230,,,"http://data.europa.eu/esco/concept-scheme/occupations,
http://data.europa.eu/esco/concept-scheme/isco",
ISCOGroup,http://data.europa.eu/esco/isco/C524,524,,,"http://data.europa.eu/esco/concept-scheme/isco,
http://data.europa.eu/esco/concept-scheme/occupations",
ISCOGroup,http://data.europa.eu/esco/isco/C5241,5241,,,"http://data.europa.eu/esco/concept-scheme/isco,
http://data.europa.eu/esco/concept-scheme/occupations",
ISCOGroup,http://data.europa.eu/esco/isco/C5242,5242,,,"http://data.europa.eu/esco/concept-scheme/isco,
http://data.europa.eu/esco/concept-scheme/occupations",
ISCOGroup,http://data.europa.eu/esco/isco/C5243,5243,,,"http://data.europa.eu/esco/concept-scheme/occupations,
http://data.europa.eu/esco/concept-scheme/isco",
ISCOGroup,http://data.europa.eu/esco/isco/C5244,5244,,,"http://data.europa.eu/esco/concept-scheme/occupations,
http://data.europa.eu/esco/concept-scheme/isco",
ISCOGroup,http://data.europa.eu/esco/isco/C5245,5245,,,"http://data.europa.eu/esco/concept-scheme/isco,
http://data.europa.eu/esco/concept-scheme/occupations",
ISCOGroup,http://data.europa.eu/esco/isco/C5246,5246,,,"http://data.europa.eu/esco/concept-scheme/isco,
http://data.europa.eu/esco/concept-scheme/occupations",
ISCOGroup,http://data.europa.eu/esco/isco/C5249,5249,,,"http://data.europa.eu/esco/concept-scheme/occupations,
http://data.europa.eu/esco/concept-scheme/isco",
ISCOGroup,http://data.europa.eu/esco/isco/C53,53,,,"http://data.europa.eu/esco/concept-scheme/occupations,
http://data.europa.eu/esco/concept-scheme/isco",
ISCOGroup,http://data.europa.eu/esco/isco/C531,531,,,"http://data.europa.eu/esco/concept-scheme/occupations,
http://data.europa.eu/esco/concept-scheme/isco",
ISCOGroup,http://data.europa.eu/esco/isco/C5311,5311,,,"http://data.europa.eu/esco/concept-scheme/occupations,
http://data.europa.eu/esco/concept-scheme/isco",
ISCOGroup,http://data.europa.eu/esco/isco/C5312,5312,,,"http://data.europa.eu/esco/concept-scheme/occupations,
http://data.europa.eu/esco/concept-scheme/isco",
ISCOGroup,http://data.europa.eu/esco/isco/C532,532,,,"http://data.europa.eu/esco/concept-scheme/isco,
http://data.europa.eu/esco/concept-scheme/occupations",
ISCOGroup,http://data.europa.eu/esco/isco/C5321,5321,,,"http://data.europa.eu/esco/concept-scheme/isco,
http://data.europa.eu/esco/concept-scheme/occupations",
ISCOGroup,http://data.europa.eu/esco/isco/C5322,5322,,,"http://data.europa.eu/esco/concept-scheme/isco,
http://data.europa.eu/esco/concept-scheme/occupations",
ISCOGroup,http://data.europa.eu/esco/isco/C5329,5329,,,"http://data.europa.eu/esco/concept-scheme/occupations,
http://data.europa.eu/esco/concept-scheme/isco",
ISCOGroup,http://data.europa.eu/esco/isco/C54,54,,,"http://data.europa.eu/esco/concept-scheme/occupations,
http://data.europa.eu/esco/concept-scheme/isco",
ISCOGroup,http://data.europa.eu/esco/isco/C541,541,,,"http://data.europa.eu/esco/concept-scheme/isco,
http://data.europa.eu/esco/concept-scheme/occupations",
ISCOGroup,http://data.europa.eu/esco/isco/C5411,5411,,,"http://data.europa.eu/esco/concept-scheme/occupations,
http://data.europa.eu/esco/concept-scheme/isco",
ISCOGroup,http://data.europa.eu/esco/isco/C5412,5412,,,"http://data.europa.eu/esco/concept-scheme/isco,
http://data.europa.eu/esco/concept-scheme/occupations",
ISCOGroup,http://data.europa.eu/esco/isco/C5413,5413,,,"http://data.europa.eu/esco/concept-scheme/isco,
http://data.europa.eu/esco/concept-scheme/occupations",
ISCOGroup,http://data.europa.eu/esco/isco/C5414,5414,,,"http://data.europa.eu/esco/concept-scheme/occupations,
http://data.europa.eu/esco/concept-scheme/isco",
ISCOGroup,http://data.europa.eu/esco/isco/C5419,5419,,,"http://data.europa.eu/esco/concept-scheme/occupations,
http://data.europa.eu/esco/concept-scheme/isco",
ISCOGroup,http://data.europa.eu/esco/isco/C6,6,,,"http://data.europa.eu/esco/concept-scheme/occupations,
http://data.europa.eu/esco/concept-scheme/isco",
ISCOGroup,http://data.europa.eu/esco/isco/C61,61,,,"http://data.europa.eu/esco/concept-scheme/occupations,
http://data.europa.eu/esco/concept-scheme/isco",
ISCOGroup,http://data.europa.eu/esco/isco/C611,611,,,"http://data.europa.eu/esco/concept-scheme/occupations,
http://data.europa.eu/esco/concept-scheme/isco",
ISCOGroup,http://data.europa.eu/esco/isco/C6111,6111,,,"http://data.europa.eu/esco/concept-scheme/isco,
http://data.europa.eu/esco/concept-scheme/occupations",
ISCOGroup,http://data.europa.eu/esco/isco/C6112,6112,,,"http://data.europa.eu/esco/concept-scheme/occupations,
http://data.europa.eu/esco/concept-scheme/isco",
ISCOGroup,http://data.europa.eu/esco/isco/C6113,6113,,,"http://data.europa.eu/esco/concept-scheme/occupations,
http://data.europa.eu/esco/concept-scheme/isco",
ISCOGroup,http://data.europa.eu/esco/isco/C6114,6114,,,"http://data.europa.eu/esco/concept-scheme/isco,
http://data.europa.eu/esco/concept-scheme/occupations",
ISCOGroup,http://data.europa.eu/esco/isco/C612,612,,,"http://data.europa.eu/esco/concept-scheme/isco,
http://data.europa.eu/esco/concept-scheme/occupations",
ISCOGroup,http://data.europa.eu/esco/isco/C6121,6121,,,"http://data.europa.eu/esco/concept-scheme/occupations,
http://data.europa.eu/esco/concept-scheme/isco",
ISCOGroup,http://data.europa.eu/esco/isco/C6122,6122,,,"http://data.europa.eu/esco/concept-scheme/isco,
http://data.europa.eu/esco/concept-scheme/occupations",
ISCOGroup,http://data.europa.eu/esco/isco/C6123,6123,,,"http://data.europa.eu/esco/concept-scheme/isco,
http://data.europa.eu/esco/concept-scheme/occupations",
ISCOGroup,http://data.europa.eu/esco/isco/C6129,6129,,,"http://data.europa.eu/esco/concept-scheme/isco,
http://data.europa.eu/esco/concept-scheme/occupations",
ISCOGroup,http://data.europa.eu/esco/isco/C613,613,,,"http://data.europa.eu/esco/concept-scheme/occupations,
http://data.europa.eu/esco/concept-scheme/isco",
ISCOGroup,http://data.europa.eu/esco/isco/C6130,6130,,,"http://data.europa.eu/esco/concept-scheme/isco,
http://data.europa.eu/esco/concept-scheme/occupations",
ISCOGroup,http://data.europa.eu/esco/isco/C62,62,,,"http://data.europa.eu/esco/concept-scheme/isco,
http://data.europa.eu/esco/concept-scheme/occupations",
ISCOGroup,http://data.europa.eu/esco/isco/C621,621,,,"http://data.europa.eu/esco/concept-scheme/isco,
http://data.europa.eu/esco/concept-scheme/occupations",
ISCOGroup,http://data.europa.eu/esco/isco/C6210,6210,,,"http://data.europa.eu/esco/concept-scheme/occupations,
http://data.europa.eu/esco/concept-scheme/isco",
ISCOGroup,http://data.europa.eu/esco/isco/C622,622,,,"http://data.europa.eu/esco/concept-scheme/occupations,
http://data.europa.eu/esco/concept-scheme/isco",
ISCOGroup,http://data.europa.eu/esco/isco/C6221,6221,,,"http://data.europa.eu/esco/concept-scheme/occupations,
http://data.europa.eu/esco/concept-scheme/isco",
ISCOGroup,http://data.europa.eu/esco/isco/C6222,6222,,,"http://data.europa.eu/esco/concept-scheme/isco,
http://data.europa.eu/esco/concept-scheme/occupations",
ISCOGroup,http://data.europa.eu/esco/isco/C6223,6223,,,"http://data.europa.eu/esco/concept-scheme/isco,
http://data.europa.eu/esco/concept-scheme/occupations",
ISCOGroup,http://data.europa.eu/esco/isco/C6224,6224,,,"http://data.europa.eu/esco/concept-scheme/isco,
http://data.europa.eu/esco/concept-scheme/occupations",
ISCOGroup,http://data.europa.eu/esco/isco/C63,63,,,"http://data.europa.eu/esco/concept-scheme/isco,
http://data.europa.eu/esco/concept-scheme/occupations",
ISCOGroup,http://data.europa.eu/esco/isco/C631,631,,,"http://data.europa.eu/esco/concept-scheme/occupations,
http://data.europa.eu/esco/concept-scheme/isco",
ISCOGroup,http://data.europa.eu/esco/isco/C6310,6310,,,"http://data.europa.eu/esco/concept-scheme/isco,
http://data.europa.eu/esco/concept-scheme/occupations",
ISCOGroup,http://data.europa.eu/esco/isco/C632,632,,,"http://data.europa.eu/esco/concept-scheme/occupations,
http://data.europa.eu/esco/concept-scheme/isco",
ISCOGroup,http://data.europa.eu/esco/isco/C6320,6320,,,"http://data.europa.eu/esco/concept-scheme/occupations,
http://data.europa.eu/esco/concept-scheme/isco",
ISCOGroup,http://data.europa.eu/esco/isco/C633,633,,,"http://data.europa.eu/esco/concept-scheme/isco,
http://data.europa.eu/esco/concept-scheme/occupations",
ISCOGroup,http://data.europa.eu/esco/isco/C6330,6330,,,"http://data.europa.eu/esco/concept-scheme/occupations,
http://data.europa.eu/esco/concept-scheme/isco",
ISCOGroup,http://data.europa.eu/esco/isco/C634,634,,,"http://data.europa.eu/esco/concept-scheme/isco,
http://data.europa.eu/esco/concept-scheme/occupations",
ISCOGroup,http://data.europa.eu/esco/isco/C6340,6340,,,"http://data.europa.eu/esco/concept-scheme/isco,
http://data.europa.eu/esco/concept-scheme/occupations",
ISCOGroup,http://data.europa.eu/esco/isco/C7,7,,,"http://data.europa.eu/esco/concept-scheme/occupations,
http://data.europa.eu/esco/concept-scheme/isco",
ISCOGroup,http://data.europa.eu/esco/isco/C71,71,,,"http://data.europa.eu/esco/concept-scheme/occupations,
http://data.europa.eu/esco/concept-scheme/isco",
ISCOGroup,http://data.europa.eu/esco/isco/C711,711,,,"http://data.europa.eu/esco/concept-scheme/isco,
http://data.europa.eu/esco/concept-scheme/occupations",
ISCOGroup,http://data.europa.eu/esco/isco/C7111,7111,,,"http://data.europa.eu/esco/concept-scheme/occupations,
http://data.europa.eu/esco/concept-scheme/isco",
ISCOGroup,http://data.europa.eu/esco/isco/C7112,7112,,,"http://data.europa.eu/esco/concept-scheme/isco,
http://data.europa.eu/esco/concept-scheme/occupations",
ISCOGroup,http://data.europa.eu/esco/isco/C7113,7113,,,"http://data.europa.eu/esco/concept-scheme/occupations,
http://data.europa.eu/esco/concept-scheme/isco",
ISCOGroup,http://data.europa.eu/esco/isco/C7114,7114,,,"http://data.europa.eu/esco/concept-scheme/isco,
http://data.europa.eu/esco/concept-scheme/occupations",
ISCOGroup,http://data.europa.eu/esco/isco/C7115,7115,,,"http://data.europa.eu/esco/concept-scheme/isco,
http://data.europa.eu/esco/concept-scheme/occupations",
ISCOGroup,http://data.europa.eu/esco/isco/C7119,7119,,,"http://data.europa.eu/esco/concept-scheme/occupations,
http://data.europa.eu/esco/concept-scheme/isco",
ISCOGroup,http://data.europa.eu/esco/isco/C712,712,,,"http://data.europa.eu/esco/concept-scheme/isco,
http://data.europa.eu/esco/concept-scheme/occupations",
ISCOGroup,http://data.europa.eu/esco/isco/C7121,7121,,,"http://data.europa.eu/esco/concept-scheme/isco,
http://data.europa.eu/esco/concept-scheme/occupations",
ISCOGroup,http://data.europa.eu/esco/isco/C7122,7122,,,"http://data.europa.eu/esco/concept-scheme/occupations,
http://data.europa.eu/esco/concept-scheme/isco",
ISCOGroup,http://data.europa.eu/esco/isco/C7123,7123,,,"http://data.europa.eu/esco/concept-scheme/occupations,
http://data.europa.eu/esco/concept-scheme/isco",
ISCOGroup,http://data.europa.eu/esco/isco/C7124,7124,,,"http://data.europa.eu/esco/concept-scheme/isco,
http://data.europa.eu/esco/concept-scheme/occupations",
ISCOGroup,http://data.europa.eu/esco/isco/C7125,7125,,,"http://data.europa.eu/esco/concept-scheme/isco,
http://data.europa.eu/esco/concept-scheme/occupations",
ISCOGroup,http://data.europa.eu/esco/isco/C7126,7126,,,"http://data.europa.eu/esco/concept-scheme/isco,
http://data.europa.eu/esco/concept-scheme/occupations",
ISCOGroup,http://data.europa.eu/esco/isco/C7127,7127,,,"http://data.europa.eu/esco/concept-scheme/isco,
http://data.europa.eu/esco/concept-scheme/occupations",
ISCOGroup,http://data.europa.eu/esco/isco/C713,713,,,"http://data.europa.eu/esco/concept-scheme/isco,
http://data.europa.eu/esco/concept-scheme/occupations",
ISCOGroup,http://data.europa.eu/esco/isco/C7131,7131,,,"http://data.europa.eu/esco/concept-scheme/occupations,
http://data.europa.eu/esco/concept-scheme/isco",
ISCOGroup,http://data.europa.eu/esco/isco/C7132,7132,,,"http://data.europa.eu/esco/concept-scheme/isco,
http://data.europa.eu/esco/concept-scheme/occupations",
ISCOGroup,http://data.europa.eu/esco/isco/C7133,7133,,,"http://data.europa.eu/esco/concept-scheme/isco,
http://data.europa.eu/esco/concept-scheme/occupations",
ISCOGroup,http://data.europa.eu/esco/isco/C72,72,,,"http://data.europa.eu/esco/concept-scheme/isco,
http://data.europa.eu/esco/concept-scheme/occupations",
ISCOGroup,http://data.europa.eu/esco/isco/C721,721,,,"http://data.europa.eu/esco/concept-scheme/occupations,
http://data.europa.eu/esco/concept-scheme/isco",
ISCOGroup,http://data.europa.eu/esco/isco/C7211,7211,,,"http://data.europa.eu/esco/concept-scheme/isco,
http://data.europa.eu/esco/concept-scheme/occupations",
ISCOGroup,http://data.europa.eu/esco/isco/C7212,7212,,,"http://data.europa.eu/esco/concept-scheme/isco,
http://data.europa.eu/esco/concept-scheme/occupations",
ISCOGroup,http://data.europa.eu/esco/isco/C7213,7213,,,"http://data.europa.eu/esco/concept-scheme/occupations,
http://data.europa.eu/esco/concept-scheme/isco",
ISCOGroup,http://data.europa.eu/esco/isco/C7214,7214,,,"http://data.europa.eu/esco/concept-scheme/isco,
http://data.europa.eu/esco/concept-scheme/occupations",
ISCOGroup,http://data.europa.eu/esco/isco/C7215,7215,,,"http://data.europa.eu/esco/concept-scheme/isco,
http://data.europa.eu/esco/concept-scheme/occupations",
ISCOGroup,http://data.europa.eu/esco/isco/C722,722,,,"http://data.europa.eu/esco/concept-scheme/isco,
http://data.europa.eu/esco/concept-scheme/occupations",
ISCOGroup,http://data.europa.eu/esco/isco/C7221,7221,,,"http://data.europa.eu/esco/concept-scheme/isco,
http://data.europa.eu/esco/concept-scheme/occupations",
ISCOGroup,http://data.europa.eu/esco/isco/C7222,7222,,,"http://data.europa.eu/esco/concept-scheme/isco,
http://data.europa.eu/esco/concept-scheme/occupations",
ISCOGroup,http://data.europa.eu/esco/isco/C7223,7223,,,"http://data.europa.eu/esco/concept-scheme/occupations,
http://data.europa.eu/esco/concept-scheme/isco",
ISCOGroup,http://data.europa.eu/esco/isco/C7224,7224,,,"http://data.europa.eu/esco/concept-scheme/occupations,
http://data.europa.eu/esco/concept-scheme/isco",
ISCOGroup,http://data.europa.eu/esco/isco/C723,723,,,"http://data.europa.eu/esco/concept-scheme/isco,
http://data.europa.eu/esco/concept-scheme/occupations",
ISCOGroup,http://data.europa.eu/esco/isco/C7231,7231,,,"http://data.europa.eu/esco/concept-scheme/occupations,
http://data.europa.eu/esco/concept-scheme/isco",
ISCOGroup,http://data.europa.eu/esco/isco/C7232,7232,,,"http://data.europa.eu/esco/concept-scheme/occupations,
http://data.europa.eu/esco/concept-scheme/isco",
ISCOGroup,http://data.europa.eu/esco/isco/C7233,7233,,,"http://data.europa.eu/esco/concept-scheme/occupations,
http://data.europa.eu/esco/concept-scheme/isco",
ISCOGroup,http://data.europa.eu/esco/isco/C7234,7234,,,"http://data.europa.eu/esco/concept-scheme/isco,
http://data.europa.eu/esco/concept-scheme/occupations",
ISCOGroup,http://data.europa.eu/esco/isco/C73,73,,,"http://data.europa.eu/esco/concept-scheme/occupations,
http://data.europa.eu/esco/concept-scheme/isco",
ISCOGroup,http://data.europa.eu/esco/isco/C731,731,,,"http://data.europa.eu/esco/concept-scheme/occupations,
http://data.europa.eu/esco/concept-scheme/isco",
ISCOGroup,http://data.europa.eu/esco/isco/C7311,7311,,,"http://data.europa.eu/esco/concept-scheme/occupations,
http://data.europa.eu/esco/concept-scheme/isco",
ISCOGroup,http://data.europa.eu/esco/isco/C7312,7312,,,"http://data.europa.eu/esco/concept-scheme/isco,
http://data.europa.eu/esco/concept-scheme/occupations",
ISCOGroup,http://data.europa.eu/esco/isco/C7313,7313,,,"http://data.europa.eu/esco/concept-scheme/isco,
http://data.europa.eu/esco/concept-scheme/occupations",
ISCOGroup,http://data.europa.eu/esco/isco/C7314,7314,,,"http://data.europa.eu/esco/concept-scheme/occupations,
http://data.europa.eu/esco/concept-scheme/isco",
ISCOGroup,http://data.europa.eu/esco/isco/C7315,7315,,,"http://data.europa.eu/esco/concept-scheme/isco,
http://data.europa.eu/esco/concept-scheme/occupations",
ISCOGroup,http://data.europa.eu/esco/isco/C7316,7316,,,"http://data.europa.eu/esco/concept-scheme/isco,
http://data.europa.eu/esco/concept-scheme/occupations",
ISCOGroup,http://data.europa.eu/esco/isco/C7317,7317,,,"http://data.europa.eu/esco/concept-scheme/isco,
http://data.europa.eu/esco/concept-scheme/occupations",
ISCOGroup,http://data.europa.eu/esco/isco/C7318,7318,,,"http://data.europa.eu/esco/concept-scheme/isco,
http://data.europa.eu/esco/concept-scheme/occupations",
ISCOGroup,http://data.europa.eu/esco/isco/C7319,7319,,,"http://data.europa.eu/esco/concept-scheme/isco,
http://data.europa.eu/esco/concept-scheme/occupations",
ISCOGroup,http://data.europa.eu/esco/isco/C732,732,,,"http://data.europa.eu/esco/concept-scheme/isco,
http://data.europa.eu/esco/concept-scheme/occupations",
ISCOGroup,http://data.europa.eu/esco/isco/C7321,7321,,,"http://data.europa.eu/esco/concept-scheme/isco,
http://data.europa.eu/esco/concept-scheme/occupations",
ISCOGroup,http://data.europa.eu/esco/isco/C7322,7322,,,"http://data.europa.eu/esco/concept-scheme/occupations,
http://data.europa.eu/esco/concept-scheme/isco",
ISCOGroup,http://data.europa.eu/esco/isco/C7323,7323,,,"http://data.europa.eu/esco/concept-scheme/occupations,
http://data.europa.eu/esco/concept-scheme/isco",
ISCOGroup,http://data.europa.eu/esco/isco/C74,74,,,"http://data.europa.eu/esco/concept-scheme/occupations,
http://data.europa.eu/esco/concept-scheme/isco",
ISCOGroup,http://data.europa.eu/esco/isco/C741,741,,,"http://data.europa.eu/esco/concept-scheme/occupations,
http://data.europa.eu/esco/concept-scheme/isco",
ISCOGroup,http://data.europa.eu/esco/isco/C7411,7411,,,"http://data.europa.eu/esco/concept-scheme/isco,
http://data.europa.eu/esco/concept-scheme/occupations",
ISCOGroup,http://data.europa.eu/esco/isco/C7412,7412,,,"http://data.europa.eu/esco/concept-scheme/occupations,
http://data.europa.eu/esco/concept-scheme/isco",
ISCOGroup,http://data.europa.eu/esco/isco/C7413,7413,,,"http://data.europa.eu/esco/concept-scheme/isco,
http://data.europa.eu/esco/concept-scheme/occupations",
ISCOGroup,http://data.europa.eu/esco/isco/C742,742,,,"http://data.europa.eu/esco/concept-scheme/occupations,
http://data.europa.eu/esco/concept-scheme/isco",
ISCOGroup,http://data.europa.eu/esco/isco/C7421,7421,,,"http://data.europa.eu/esco/concept-scheme/isco,
http://data.europa.eu/esco/concept-scheme/occupations",
ISCOGroup,http://data.europa.eu/esco/isco/C7422,7422,,,"http://data.europa.eu/esco/concept-scheme/isco,
http://data.europa.eu/esco/concept-scheme/occupations",
ISCOGroup,http://data.europa.eu/esco/isco/C75,75,,,"http://data.europa.eu/esco/concept-scheme/occupations,
http://data.europa.eu/esco/concept-scheme/isco",
ISCOGroup,http://data.europa.eu/esco/isco/C751,751,,,"http://data.europa.eu/esco/concept-scheme/isco,
http://data.europa.eu/esco/concept-scheme/occupations",
ISCOGroup,http://data.europa.eu/esco/isco/C7511,7511,,,"http://data.europa.eu/esco/concept-scheme/occupations,
http://data.europa.eu/esco/concept-scheme/isco",
ISCOGroup,http://data.europa.eu/esco/isco/C7512,7512,,,"http://data.europa.eu/esco/concept-scheme/isco,
http://data.europa.eu/esco/concept-scheme/occupations",
ISCOGroup,http://data.europa.eu/esco/isco/C7513,7513,,,"http://data.europa.eu/esco/concept-scheme/isco,
http://data.europa.eu/esco/concept-scheme/occupations",
ISCOGroup,http://data.europa.eu/esco/isco/C7514,7514,,,"http://data.europa.eu/esco/concept-scheme/isco,
http://data.europa.eu/esco/concept-scheme/occupations",
ISCOGroup,http://data.europa.eu/esco/isco/C7515,7515,,,"http://data.europa.eu/esco/concept-scheme/isco,
http://data.europa.eu/esco/concept-scheme/occupations",
ISCOGroup,http://data.europa.eu/esco/isco/C7516,7516,,,"http://data.europa.eu/esco/concept-scheme/occupations,
http://data.europa.eu/esco/concept-scheme/isco",
ISCOGroup,http://data.europa.eu/esco/isco/C752,752,,,"http://data.europa.eu/esco/concept-scheme/occupations,
http://data.europa.eu/esco/concept-scheme/isco",
ISCOGroup,http://data.europa.eu/esco/isco/C7521,7521,,,"http://data.europa.eu/esco/concept-scheme/occupations,
http://data.europa.eu/esco/concept-scheme/isco",
ISCOGroup,http://data.europa.eu/esco/isco/C7522,7522,,,"http://data.europa.eu/esco/concept-scheme/isco,
http://data.europa.eu/esco/concept-scheme/occupations",
ISCOGroup,http://data.europa.eu/esco/isco/C7523,7523,,,"http://data.europa.eu/esco/concept-scheme/isco,
http://data.europa.eu/esco/concept-scheme/occupations",
ISCOGroup,http://data.europa.eu/esco/isco/C753,753,,,"http://data.europa.eu/esco/concept-scheme/occupations,
http://data.europa.eu/esco/concept-scheme/isco",
ISCOGroup,http://data.europa.eu/esco/isco/C7531,7531,,,"http://data.europa.eu/esco/concept-scheme/isco,
http://data.europa.eu/esco/concept-scheme/occupations",
ISCOGroup,http://data.europa.eu/esco/isco/C7532,7532,,,"http://data.europa.eu/esco/concept-scheme/occupations,
http://data.europa.eu/esco/concept-scheme/isco",
ISCOGroup,http://data.europa.eu/esco/isco/C7533,7533,,,"http://data.europa.eu/esco/concept-scheme/isco,
http://data.europa.eu/esco/concept-scheme/occupations",
ISCOGroup,http://data.europa.eu/esco/isco/C7534,7534,,,"http://data.europa.eu/esco/concept-scheme/isco,
http://data.europa.eu/esco/concept-scheme/occupations",
ISCOGroup,http://data.europa.eu/esco/isco/C7535,7535,,,"http://data.europa.eu/esco/concept-scheme/isco,
http://data.europa.eu/esco/concept-scheme/occupations",
ISCOGroup,http://data.europa.eu/esco/isco/C7536,7536,,,"http://data.europa.eu/esco/concept-scheme/occupations,
http://data.europa.eu/esco/concept-scheme/isco",
ISCOGroup,http://data.europa.eu/esco/isco/C754,754,,,"http://data.europa.eu/esco/concept-scheme/occupations,
http://data.europa.eu/esco/concept-scheme/isco",
ISCOGroup,http://data.europa.eu/esco/isco/C7541,7541,,,"http://data.europa.eu/esco/concept-scheme/isco,
http://data.europa.eu/esco/concept-scheme/occupations",
ISCOGroup,http://data.europa.eu/esco/isco/C7542,7542,,,"http://data.europa.eu/esco/concept-scheme/isco,
http://data.europa.eu/esco/concept-scheme/occupations",
ISCOGroup,http://data.europa.eu/esco/isco/C7543,7543,,,"http://data.europa.eu/esco/concept-scheme/isco,
http://data.europa.eu/esco/concept-scheme/occupations",
ISCOGroup,http://data.europa.eu/esco/isco/C7544,7544,,,"http://data.europa.eu/esco/concept-scheme/occupations,
http://data.europa.eu/esco/concept-scheme/isco",
ISCOGroup,http://data.europa.eu/esco/isco/C7549,7549,,,"http://data.europa.eu/esco/concept-scheme/occupations,
http://data.europa.eu/esco/concept-scheme/isco",
ISCOGroup,http://data.europa.eu/esco/isco/C8,8,,,"http://data.europa.eu/esco/concept-scheme/isco,
http://data.europa.eu/esco/concept-scheme/occupations",
ISCOGroup,http://data.europa.eu/esco/isco/C81,81,,,"http://data.europa.eu/esco/concept-scheme/occupations,
http://data.europa.eu/esco/concept-scheme/isco",
ISCOGroup,http://data.europa.eu/esco/isco/C811,811,,,"http://data.europa.eu/esco/concept-scheme/occupations,
http://data.europa.eu/esco/concept-scheme/isco",
ISCOGroup,http://data.europa.eu/esco/isco/C8111,8111,,,"http://data.europa.eu/esco/concept-scheme/occupations,
http://data.europa.eu/esco/concept-scheme/isco",
ISCOGroup,http://data.europa.eu/esco/isco/C8112,8112,,,"http://data.europa.eu/esco/concept-scheme/isco,
http://data.europa.eu/esco/concept-scheme/occupations",
ISCOGroup,http://data.europa.eu/esco/isco/C8113,8113,,,"http://data.europa.eu/esco/concept-scheme/isco,
http://data.europa.eu/esco/concept-scheme/occupations",
ISCOGroup,http://data.europa.eu/esco/isco/C8114,8114,,,"http://data.europa.eu/esco/concept-scheme/occupations,
http://data.europa.eu/esco/concept-scheme/isco",
ISCOGroup,http://data.europa.eu/esco/isco/C812,812,,,"http://data.europa.eu/esco/concept-scheme/occupations,
http://data.europa.eu/esco/concept-scheme/isco",
ISCOGroup,http://data.europa.eu/esco/isco/C8121,8121,,,"http://data.europa.eu/esco/concept-scheme/isco,
http://data.europa.eu/esco/concept-scheme/occupations",
ISCOGroup,http://data.europa.eu/esco/isco/C8122,8122,,,"http://data.europa.eu/esco/concept-scheme/isco,
http://data.europa.eu/esco/concept-scheme/occupations",
ISCOGroup,http://data.europa.eu/esco/isco/C813,813,,,"http://data.europa.eu/esco/concept-scheme/isco,
http://data.europa.eu/esco/concept-scheme/occupations",
ISCOGroup,http://data.europa.eu/esco/isco/C8131,8131,,,"http://data.europa.eu/esco/concept-scheme/isco,
http://data.europa.eu/esco/concept-scheme/occupations",
ISCOGroup,http://data.europa.eu/esco/isco/C8132,8132,,,"http://data.europa.eu/esco/concept-scheme/isco,
http://data.europa.eu/esco/concept-scheme/occupations",
ISCOGroup,http://data.europa.eu/esco/isco/C814,814,,,"http://data.europa.eu/esco/concept-scheme/isco,
http://data.europa.eu/esco/concept-scheme/occupations",
ISCOGroup,http://data.europa.eu/esco/isco/C8141,8141,,,"http://data.europa.eu/esco/concept-scheme/isco,
http://data.europa.eu/esco/concept-scheme/occupations",
ISCOGroup,http://data.europa.eu/esco/isco/C8142,8142,,,"http://data.europa.eu/esco/concept-scheme/occupations,
http://data.europa.eu/esco/concept-scheme/isco",
ISCOGroup,http://data.europa.eu/esco/isco/C8143,8143,,,"http://data.europa.eu/esco/concept-scheme/isco,
http://data.europa.eu/esco/concept-scheme/occupations",
ISCOGroup,http://data.europa.eu/esco/isco/C815,815,,,"http://data.europa.eu/esco/concept-scheme/isco,
http://data.europa.eu/esco/concept-scheme/occupations",
ISCOGroup,http://data.europa.eu/esco/isco/C8151,8151,,,"http://data.europa.eu/esco/concept-scheme/occupations,
http://data.europa.eu/esco/concept-scheme/isco",
ISCOGroup,http://data.europa.eu/esco/isco/C8152,8152,,,"http://data.europa.eu/esco/concept-scheme/isco,
http://data.europa.eu/esco/concept-scheme/occupations",
ISCOGroup,http://data.europa.eu/esco/isco/C8153,8153,,,"http://data.europa.eu/esco/concept-scheme/isco,
http://data.europa.eu/esco/concept-scheme/occupations",
ISCOGroup,http://data.europa.eu/esco/isco/C8154,8154,,,"http://data.europa.eu/esco/concept-scheme/isco,
http://data.europa.eu/esco/concept-scheme/occupations",
ISCOGroup,http://data.europa.eu/esco/isco/C8155,8155,,,"http://data.europa.eu/esco/concept-scheme/occupations,
http://data.europa.eu/esco/concept-scheme/isco",
ISCOGroup,http://data.europa.eu/esco/isco/C8156,8156,,,"http://data.europa.eu/esco/concept-scheme/isco,
http://data.europa.eu/esco/concept-scheme/occupations",
ISCOGroup,http://data.europa.eu/esco/isco/C8157,8157,,,"http://data.europa.eu/esco/concept-scheme/isco,
http://data.europa.eu/esco/concept-scheme/occupations",
ISCOGroup,http://data.europa.eu/esco/isco/C8159,8159,,,"http://data.europa.eu/esco/concept-scheme/occupations,
http://data.europa.eu/esco/concept-scheme/isco",
ISCOGroup,http://data.europa.eu/esco/isco/C816,816,,,"http://data.europa.eu/esco/concept-scheme/isco,
http://data.europa.eu/esco/concept-scheme/occupations",
ISCOGroup,http://data.europa.eu/esco/isco/C8160,8160,,,"http://data.europa.eu/esco/concept-scheme/isco,
http://data.europa.eu/esco/concept-scheme/occupations",
ISCOGroup,http://data.europa.eu/esco/isco/C817,817,,,"http://data.europa.eu/esco/concept-scheme/isco,
http://data.europa.eu/esco/concept-scheme/occupations",
ISCOGroup,http://data.europa.eu/esco/isco/C8171,8171,,,"http://data.europa.eu/esco/concept-scheme/occupations,
http://data.europa.eu/esco/concept-scheme/isco",
ISCOGroup,http://data.europa.eu/esco/isco/C8172,8172,,,"http://data.europa.eu/esco/concept-scheme/isco,
http://data.europa.eu/esco/concept-scheme/occupations",
ISCOGroup,http://data.europa.eu/esco/isco/C818,818,,,"http://data.europa.eu/esco/concept-scheme/isco,
http://data.europa.eu/esco/concept-scheme/occupations",
ISCOGroup,http://data.europa.eu/esco/isco/C8181,8181,,,"http://data.europa.eu/esco/concept-scheme/isco,
http://data.europa.eu/esco/concept-scheme/occupations",
ISCOGroup,http://data.europa.eu/esco/isco/C8182,8182,,,"http://data.europa.eu/esco/concept-scheme/isco,
http://data.europa.eu/esco/concept-scheme/occupations",
ISCOGroup,http://data.europa.eu/esco/isco/C8183,8183,,,"http://data.europa.eu/esco/concept-scheme/occupations,
http://data.europa.eu/esco/concept-scheme/isco",
ISCOGroup,http://data.europa.eu/esco/isco/C8189,8189,,,"http://data.europa.eu/esco/concept-scheme/isco,
http://data.europa.eu/esco/concept-scheme/occupations",
ISCOGroup,http://data.europa.eu/esco/isco/C82,82,,,"http://data.europa.eu/esco/concept-scheme/occupations,
http://data.europa.eu/esco/concept-scheme/isco",
ISCOGroup,http://data.europa.eu/esco/isco/C821,821,,,"http://data.europa.eu/esco/concept-scheme/isco,
http://data.europa.eu/esco/concept-scheme/occupations",
ISCOGroup,http://data.europa.eu/esco/isco/C8211,8211,,,"http://data.europa.eu/esco/concept-scheme/occupations,
http://data.europa.eu/esco/concept-scheme/isco",
ISCOGroup,http://data.europa.eu/esco/isco/C8212,8212,,,"http://data.europa.eu/esco/concept-scheme/occupations,
http://data.europa.eu/esco/concept-scheme/isco",
ISCOGroup,http://data.europa.eu/esco/isco/C8219,8219,,,"http://data.europa.eu/esco/concept-scheme/occupations,
http://data.europa.eu/esco/concept-scheme/isco",
ISCOGroup,http://data.europa.eu/esco/isco/C83,83,,,"http://data.europa.eu/esco/concept-scheme/isco,
http://data.europa.eu/esco/concept-scheme/occupations",
ISCOGroup,http://data.europa.eu/esco/isco/C831,831,,,"http://data.europa.eu/esco/concept-scheme/isco,
http://data.europa.eu/esco/concept-scheme/occupations",
ISCOGroup,http://data.europa.eu/esco/isco/C8311,8311,,,"http://data.europa.eu/esco/concept-scheme/isco,
http://data.europa.eu/esco/concept-scheme/occupations",
ISCOGroup,http://data.europa.eu/esco/isco/C8312,8312,,,"http://data.europa.eu/esco/concept-scheme/isco,
http://data.europa.eu/esco/concept-scheme/occupations",
ISCOGroup,http://data.europa.eu/esco/isco/C832,832,,,"http://data.europa.eu/esco/concept-scheme/isco,
http://data.europa.eu/esco/concept-scheme/occupations",
ISCOGroup,http://data.europa.eu/esco/isco/C8321,8321,,,"http://data.europa.eu/esco/concept-scheme/occupations,
http://data.europa.eu/esco/concept-scheme/isco",
ISCOGroup,http://data.europa.eu/esco/isco/C8322,8322,,,"http://data.europa.eu/esco/concept-scheme/occupations,
http://data.europa.eu/esco/concept-scheme/isco",
ISCOGroup,http://data.europa.eu/esco/isco/C833,833,,,"http://data.europa.eu/esco/concept-scheme/occupations,
http://data.europa.eu/esco/concept-scheme/isco",
ISCOGroup,http://data.europa.eu/esco/isco/C8331,8331,,,"http://data.europa.eu/esco/concept-scheme/isco,
http://data.europa.eu/esco/concept-scheme/occupations",
ISCOGroup,http://data.europa.eu/esco/isco/C8332,8332,,,"http://data.europa.eu/esco/concept-scheme/occupations,
http://data.europa.eu/esco/concept-scheme/isco",
ISCOGroup,http://data.europa.eu/esco/isco/C834,834,,,"http://data.europa.eu/esco/concept-scheme/occupations,
http://data.europa.eu/esco/concept-scheme/isco",
ISCOGroup,http://data.europa.eu/esco/isco/C8341,8341,,,"http://data.europa.eu/esco/concept-scheme/occupations,
http://data.europa.eu/esco/concept-scheme/isco",
ISCOGroup,http://data.europa.eu/esco/isco/C8342,8342,,,"http://data.europa.eu/esco/concept-scheme/isco,
http://data.europa.eu/esco/concept-scheme/occupations",
ISCOGroup,http://data.europa.eu/esco/isco/C8343,8343,,,"http://data.europa.eu/esco/concept-scheme/occupations,
http://data.europa.eu/esco/concept-scheme/isco",
ISCOGroup,http://data.europa.eu/esco/isco/C8344,8344,,,"http://data.europa.eu/esco/concept-scheme/occupations,
http://data.europa.eu/esco/concept-scheme/isco",
ISCOGroup,http://data.europa.eu/esco/isco/C835,835,,,"http://data.europa.eu/esco/concept-scheme/occupations,
http://data.europa.eu/esco/concept-scheme/isco",
ISCOGroup,http://data.europa.eu/esco/isco/C8350,8350,,,"http://data.europa.eu/esco/concept-scheme/isco,
http://data.europa.eu/esco/concept-scheme/occupations",
ISCOGroup,http://data.europa.eu/esco/isco/C9,9,,,"http://data.europa.eu/esco/concept-scheme/occupations,
http://data.europa.eu/esco/concept-scheme/isco",
ISCOGroup,http://data.europa.eu/esco/isco/C91,91,,,"http://data.europa.eu/esco/concept-scheme/isco,
http://data.europa.eu/esco/concept-scheme/occupations",
ISCOGroup,http://data.europa.eu/esco/isco/C911,911,,,"http://data.europa.eu/esco/concept-scheme/isco,
http://data.europa.eu/esco/concept-scheme/occupations",
ISCOGroup,http://data.europa.eu/esco/isco/C9111,9111,,,"http://data.europa.eu/esco/concept-scheme/occupations,
http://data.europa.eu/esco/concept-scheme/isco",
ISCOGroup,http://data.europa.eu/esco/isco/C9112,9112,,,"http://data.europa.eu/esco/concept-scheme/isco,
http://data.europa.eu/esco/concept-scheme/occupations",
ISCOGroup,http://data.europa.eu/esco/isco/C912,912,,,"http://data.europa.eu/esco/concept-scheme/isco,
http://data.europa.eu/esco/concept-scheme/occupations",
ISCOGroup,http://data.europa.eu/esco/isco/C9121,9121,,,"http://data.europa.eu/esco/concept-scheme/occupations,
http://data.europa.eu/esco/concept-scheme/isco",
ISCOGroup,http://data.europa.eu/esco/isco/C9122,9122,,,"http://data.europa.eu/esco/concept-scheme/isco,
http://data.europa.eu/esco/concept-scheme/occupations",
ISCOGroup,http://data.europa.eu/esco/isco/C9123,9123,,,"http://data.europa.eu/esco/concept-scheme/isco,
http://data.europa.eu/esco/concept-scheme/occupations",
ISCOGroup,http://data.europa.eu/esco/isco/C9129,9129,,,"http://data.europa.eu/esco/concept-scheme/isco,
http://data.europa.eu/esco/concept-scheme/occupations",
ISCOGroup,http://data.europa.eu/esco/isco/C92,92,,,"http://data.europa.eu/esco/concept-scheme/occupations,
http://data.europa.eu/esco/concept-scheme/isco",
ISCOGroup,http://data.europa.eu/esco/isco/C921,921,,,"http://data.europa.eu/esco/concept-scheme/isco,
http://data.europa.eu/esco/concept-scheme/occupations",
ISCOGroup,http://data.europa.eu/esco/isco/C9211,9211,,,"http://data.europa.eu/esco/concept-scheme/occupations,
http://data.europa.eu/esco/concept-scheme/isco",
ISCOGroup,http://data.europa.eu/esco/isco/C9212,9212,,,"http://data.europa.eu/esco/concept-scheme/isco,
http://data.europa.eu/esco/concept-scheme/occupations",
ISCOGroup,http://data.europa.eu/esco/isco/C9213,9213,,,"http://data.europa.eu/esco/concept-scheme/isco,
http://data.europa.eu/esco/concept-scheme/occupations",
ISCOGroup,http://data.europa.eu/esco/isco/C9214,9214,,,"http://data.europa.eu/esco/concept-scheme/occupations,
http://data.europa.eu/esco/concept-scheme/isco",
ISCOGroup,http://data.europa.eu/esco/isco/C9215,9215,,,"http://data.europa.eu/esco/concept-scheme/occupations,
http://data.europa.eu/esco/concept-scheme/isco",
ISCOGroup,http://data.europa.eu/esco/isco/C9216,9216,,,"http://data.europa.eu/esco/concept-scheme/isco,
http://data.europa.eu/esco/concept-scheme/occupations",
ISCOGroup,http://data.europa.eu/esco/isco/C93,93,,,"http://data.europa.eu/esco/concept-scheme/isco,
http://data.europa.eu/esco/concept-scheme/occupations",
ISCOGroup,http://data.europa.eu/esco/isco/C931,931,,,"http://data.europa.eu/esco/concept-scheme/isco,
http://data.europa.eu/esco/concept-scheme/occupations",
ISCOGroup,http://data.europa.eu/esco/isco/C9311,9311,,,"http://data.europa.eu/esco/concept-scheme/isco,
http://data.europa.eu/esco/concept-scheme/occupations",
ISCOGroup,http://data.europa.eu/esco/isco/C9312,9312,,,"http://data.europa.eu/esco/concept-scheme/isco,
http://data.europa.eu/esco/concept-scheme/occupations",
ISCOGroup,http://data.europa.eu/esco/isco/C9313,9313,,,"http://data.europa.eu/esco/concept-scheme/occupations,
http://data.europa.eu/esco/concept-scheme/isco",
ISCOGroup,http://data.europa.eu/esco/isco/C932,932,,,"http://data.europa.eu/esco/concept-scheme/occupations,
http://data.europa.eu/esco/concept-scheme/isco",
ISCOGroup,http://data.europa.eu/esco/isco/C9321,9321,,,"http://data.europa.eu/esco/concept-scheme/occupations,
http://data.europa.eu/esco/concept-scheme/isco",
ISCOGroup,http://data.europa.eu/esco/isco/C9329,9329,,,"http://data.europa.eu/esco/concept-scheme/occupations,
http://data.europa.eu/esco/concept-scheme/isco",
ISCOGroup,http://data.europa.eu/esco/isco/C933,933,,,"http://data.europa.eu/esco/concept-scheme/occupations,
http://data.europa.eu/esco/concept-scheme/isco",
ISCOGroup,http://data.europa.eu/esco/isco/C9331,9331,,,"http://data.europa.eu/esco/concept-scheme/isco,
http://data.europa.eu/esco/concept-scheme/occupations",
ISCOGroup,http://data.europa.eu/esco/isco/C9332,9332,,,"http://data.europa.eu/esco/concept-scheme/isco,
http://data.europa.eu/esco/concept-scheme/occupations",
ISCOGroup,http://data.europa.eu/esco/isco/C9333,9333,,,"http://data.europa.eu/esco/concept-scheme/occupations,
http://data.europa.eu/esco/concept-scheme/isco",
ISCOGroup,http://data.europa.eu/esco/isco/C9334,9334,,,"http://data.europa.eu/esco/concept-scheme/occupations,
http://data.europa.eu/esco/concept-scheme/isco",
ISCOGroup,http://data.europa.eu/esco/isco/C94,94,,,"http://data.europa.eu/esco/concept-scheme/occupations,
http://data.europa.eu/esco/concept-scheme/isco",
ISCOGroup,http://data.europa.eu/esco/isco/C941,941,,,"http://data.europa.eu/esco/concept-scheme/isco,
http://data.europa.eu/esco/concept-scheme/occupations",
ISCOGroup,http://data.europa.eu/esco/isco/C9411,9411,,,"http://data.europa.eu/esco/concept-scheme/isco,
http://data.europa.eu/esco/concept-scheme/occupations",
ISCOGroup,http://data.europa.eu/esco/isco/C9412,9412,,,"http://data.europa.eu/esco/concept-scheme/isco,
http://data.europa.eu/esco/concept-scheme/occupations",
ISCOGroup,http://data.europa.eu/esco/isco/C95,95,,,"http://data.europa.eu/esco/concept-scheme/occupations,
http://data.europa.eu/esco/concept-scheme/isco",
ISCOGroup,http://data.europa.eu/esco/isco/C951,951,,,"http://data.europa.eu/esco/concept-scheme/isco,
http://data.europa.eu/esco/concept-scheme/occupations",
ISCOGroup,http://data.europa.eu/esco/isco/C9510,9510,,,"http://data.europa.eu/esco/concept-scheme/occupations,
http://data.europa.eu/esco/concept-scheme/isco",
ISCOGroup,http://data.europa.eu/esco/isco/C952,952,,,"http://data.europa.eu/esco/concept-scheme/isco,
http://data.europa.eu/esco/concept-scheme/occupations",
ISCOGroup,http://data.europa.eu/esco/isco/C9520,9520,,,"http://data.europa.eu/esco/concept-scheme/isco,
http://data.europa.eu/esco/concept-scheme/occupations",
ISCOGroup,http://data.europa.eu/esco/isco/C96,96,,,"http://data.europa.eu/esco/concept-scheme/isco,
http://data.europa.eu/esco/concept-scheme/occupations",
ISCOGroup,http://data.europa.eu/esco/isco/C961,961,,,"http://data.europa.eu/esco/concept-scheme/occupations,
http://data.europa.eu/esco/concept-scheme/isco",
ISCOGroup,http://data.europa.eu/esco/isco/C9611,9611,,,"http://data.europa.eu/esco/concept-scheme/isco,
http://data.europa.eu/esco/concept-scheme/occupations",
ISCOGroup,http://data.europa.eu/esco/isco/C9612,9612,,,"http://data.europa.eu/esco/concept-scheme/isco,
http://data.europa.eu/esco/concept-scheme/occupations",
ISCOGroup,http://data.europa.eu/esco/isco/C9613,9613,,,"http://data.europa.eu/esco/concept-scheme/occupations,
http://data.europa.eu/esco/concept-scheme/isco",
ISCOGroup,http://data.europa.eu/esco/isco/C962,962,,,"http://data.europa.eu/esco/concept-scheme/occupations,
http://data.europa.eu/esco/concept-scheme/isco",
ISCOGroup,http://data.europa.eu/esco/isco/C9621,9621,,,"http://data.europa.eu/esco/concept-scheme/isco,
http://data.europa.eu/esco/concept-scheme/occupations",
ISCOGroup,http://data.europa.eu/esco/isco/C9622,9622,,,"http://data.europa.eu/esco/concept-scheme/isco,
http://data.europa.eu/esco/concept-scheme/occupations",
ISCOGroup,http://data.europa.eu/esco/isco/C9623,9623,,,"http://data.europa.eu/esco/concept-scheme/isco,
http://data.europa.eu/esco/concept-scheme/occupations",
ISCOGroup,http://data.europa.eu/esco/isco/C9624,9624,,,"http://data.europa.eu/esco/concept-scheme/isco,
http://data.europa.eu/esco/concept-scheme/occupations",
ISCOGroup,http://data.europa.eu/esco/isco/C9629,9629,,,"http://data.europa.eu/esco/concept-scheme/occupations,
http://data.europa.eu/esco/concept-scheme/isco",
